,Country,ReportingYear,UpdateTime,StationLocalId,SamplingPointLocalId,SamplingPoint_Latitude,SamplingPoint_Longitude,Namespace,Unit,BeginPosition,EndPosition,Validity,Verification,DataCoverage,DataCapture,TimeCoverage,AQValue
1,Spain,2015,2016-01-19T00:32:32.617Z,STA_ES1938A,SP_28079048_9_47,40.43972222,-3.69027777,ES.BDCA.AQD,ug.m-3,01/01/2015,01/01/2016,Valid,Verified,94.17808219,100,94.17808219,11.02266666
2,Spain,2015,2016-12-20T02:01:01.927Z,STA_ES1827A,SP_07010001_9_47,39.67766,2.68665,ES.BDCA.AQD,ug.m-3,01/01/2015,01/01/2016,Valid,Verified,92.29452055,100,92.29452055,6.99109461
3,Spain,2015,2016-11-11T01:51:29.787Z,STA_ES0691A,SP_08019004_9_M,41.40388185,2.204522594,ES.BDCA.AQD,ug.m-3,01/01/2015,01/01/2016,Valid,Verified,92.60273973,100,92.60273973,17.96301775
4,Spain,2015,2016-11-11T01:51:29.787Z,STA_ES1417A,SP_22125001_9_M,42.13611,-0.40389,ES.BDCA.AQD,ug.m-3,01/01/2015,01/01/2016,Valid,Verified,79.17808219,100,79.17808219,11.33217993
5,Spain,2015,2016-12-16T08:05:15.97Z,STA_ES1649A,SP_26011001_9_49,42.176,-1.744,ES.BDCA.AQD,ug.m-3,01/01/2015,01/01/2016,Valid,Verified,99.10958904,100,99.10958904,6.36662059
6,Spain,2015,2016-12-16T08:05:15.97Z,STA_ES1997A,SP_10148001_9_46,40.07778,-6.14722,ES.BDCA.AQD,ug.m-3,01/01/2015,01/01/2016,Valid,Verified,96.30136986,100,96.30136986,7.03471431
7,Spain,2015,2016-01-20T02:25:38.267Z,STA_ES1914A,SP_03066003_9_46,38.45472222,-0.80333333,ES.BDCA.AQD,ug.m-3,01/01/2015,01/01/2016,Valid,Verified,96.68949772,100,96.68949772,9.28913813
8,Spain,2015,2016-01-20T02:25:38.267Z,STA_ES1386A,SP_12040008_9_46,40.01277777,-0.05722222,ES.BDCA.AQD,ug.m-3,01/01/2015,01/01/2016,Valid,Verified,99.00684932,100,99.00684932,8.10157961
9,Spain,2015,2016-07-29T03:40:06.373Z,STA_ES2054A,SP_33004052_9_49,43.5705,-5.9583,ES.BDCA.AQD,ug.m-3,01/01/2015,01/01/2016,Valid,Verified,98.13926941,100,98.13926941,9.53483773
10,Spain,2015,2016-01-20T02:25:38.267Z,STA_ES1884A,SP_46220010_9_46,39.63416666,-0.26583333,ES.BDCA.AQD,ug.m-3,01/01/2015,01/01/2016,Valid,Verified,97.043379,100,97.043379,9.48217856
11,Spain,2015,2016-07-29T03:40:06.373Z,STA_ES1766A,SP_38006003_9_46,28.145093,-16.523687,ES.BDCA.AQD,ug.m-3,01/01/2015,01/01/2016,Valid,Verified,97.51141553,100,97.51141553,9.94848981
12,Spain,2015,2016-01-19T00:32:32.617Z,STA_ES1615A,SP_10037001_9_46,39.47278,-6.36028,ES.BDCA.AQD,ug.m-3,01/01/2015,01/01/2016,Valid,Verified,99.48630137,100,99.48630137,6.72005278
13,Spain,2015,2017-08-07T07:45:40.333Z,STA_ES0094A,SP_15070006_9_47,43.4056,-7.9889,ES.BDCA.AQD,ug.m-3,01/01/2015,01/01/2016,Valid,Verified,97.19178082,100,97.19178082,8.30102184
14,Spain,2015,2016-12-16T08:05:15.97Z,STA_ES1957A,SP_15030027_9_49,43.3825,-8.4089,ES.BDCA.AQD,ug.m-3,01/01/2015,01/01/2016,Valid,Verified,98.04794521,100,98.04794521,16.0627314
15,Spain,2015,2016-01-19T00:32:32.617Z,STA_ES1779A,SP_26019001_9_47,42.44,-2.239,ES.BDCA.AQD,ug.m-3,01/01/2015,01/01/2016,Valid,Verified,99.92009132,100,99.92009132,10.00896835
16,Spain,2015,2016-01-19T00:32:32.617Z,STA_ES1818A,SP_45168002_9_49,39.86806,-4.02083,ES.BDCA.AQD,ug.m-3,01/01/2015,01/01/2016,Valid,Verified,95.20547945,100,95.20547945,11.96589928
17,Spain,2015,2016-07-29T03:40:06.373Z,STA_ES1492A,SP_01059009_9_49,42.85555555,-2.66805555,ES.BDCA.AQD,ug.m-3,01/01/2015,01/01/2016,Valid,Verified,91.97488584,100,91.97488584,10.92540647
18,Spain,2015,2016-12-16T08:05:15.97Z,STA_ES1974A,SP_33024031_9_49,43.5166,-5.6707,ES.BDCA.AQD,ug.m-3,01/01/2015,01/01/2016,Valid,Verified,99.53196347,100,99.53196347,10.77382727
19,Spain,2015,2016-07-31T01:12:18.037Z,STA_ES2053A,SP_38036002_9_49,28.09012,-17.1181,ES.BDCA.AQD,ug.m-3,01/01/2015,01/01/2016,Valid,Verified,88.18493151,100,88.18493151,9.46122977
20,Spain,2015,2016-11-11T01:51:29.787Z,STA_ES0009R,SP_19061999_9_M,41.27417,-3.1425,ES.BDCA.AQD,ug.m-3,01/01/2015,01/01/2016,Valid,Verified,94.24657534,100,94.24657534,4.81686046
21,Spain,2015,2016-11-11T01:51:29.787Z,STA_ES0016R,SP_27058999_9_M,42.63472,-7.70472,ES.BDCA.AQD,ug.m-3,01/01/2015,01/01/2016,Valid,Verified,83.01369863,100,83.01369863,8.37953795
22,Spain,2015,2016-11-11T01:51:29.787Z,STA_ES0001R,SP_45153999_9_M,39.54694,-4.35056,ES.BDCA.AQD,ug.m-3,01/01/2015,01/01/2016,Valid,Verified,97.53424658,100,97.53424658,6.61235955
23,Spain,2015,2016-12-20T02:01:01.927Z,STA_ES1636A,SP_47186030_9_49,41.65611111,-4.73388888,ES.BDCA.AQD,ug.m-3,01/01/2015,01/01/2016,Valid,Verified,96.71232877,100,96.71232877,9.64719074
24,Spain,2015,2016-12-16T08:05:15.97Z,STA_ES1802A,SP_28016001_9_49,40.90901944,-3.467902778,ES.BDCA.AQD,ug.m-3,01/01/2015,01/01/2016,Valid,Verified,99.14383562,100,99.14383562,5.86747265
25,Spain,2015,2017-09-12T23:11:33.41Z,STA_ES1535A,SP_02003001_9_49,38.97928,-1.85213,ES.BDCA.AQD,ug.m-3,01/01/2015,01/01/2016,Valid,Verified,88.39041096,100,88.39041096,11.20813638
26,Spain,2015,2016-12-16T08:05:15.97Z,STA_ES1239A,SP_46250030_9_46,39.45611111,-0.37583333,ES.BDCA.AQD,ug.m-3,01/01/2015,01/01/2016,Valid,Verified,93.16210046,100,93.16210046,15.73275333
49,Spain,2017,2018-01-13T05:01:59.413Z,STA_ES1489A,SP_01055001_9_49,42.87527777,-3.23138888,ES.BDCA.AQD,ug.m-3,01/01/2017,01/01/2018,Valid,Verified,88.16210046,100,88.16210046,5.28538132
50,Spain,2017,2018-01-13T05:01:59.413Z,STA_ES1492A,SP_01059009_9_49,42.85555555,-2.66805555,ES.BDCA.AQD,ug.m-3,01/01/2017,01/01/2018,Valid,Verified,91.11872146,100,91.11872146,9.82873966
51,Spain,2017,2017-01-04T01:49:16.423Z,STA_ES1868A,SP_15078007_9_49,42.8758,-8.5592,ES.BDCA.AQD,ug.m-3,01/01/2017,01/01/2018,Valid,Verified,95.50228311,100,95.50228311,9.86903418
52,Spain,2017,2017-01-02T01:33:08.27Z,STA_ES1901A,SP_15078008_9_49,42.8878,-8.5308,ES.BDCA.AQD,ug.m-3,01/01/2017,01/01/2018,Valid,Verified,97.07762557,100,97.07762557,15.50935324
53,Spain,2017,2017-01-02T01:33:08.27Z,STA_ES2014A,SP_32039001_9_49,42.0617,-7.4085,ES.BDCA.AQD,ug.m-3,01/01/2017,01/01/2018,Valid,Verified,98.53881279,100,98.53881279,7.53762048
54,Spain,2017,2018-09-01T10:31:54.34Z,STA_ES1746A,SP_26066001_9_49,42.341,-2.232,ES.BDCA.AQD,ug.m-3,01/01/2017,01/01/2018,Valid,Verified,98.52739726,100,98.52739726,8.18218051
55,Spain,2017,2018-09-01T10:31:54.34Z,STA_ES2025A,SP_35017005_9_49,28.50616,-13.84898,ES.BDCA.AQD,ug.m-3,01/01/2017,01/01/2018,Valid,Verified,86.01598174,100,86.01598174,10.37266091
56,Spain,2017,2018-09-01T10:31:54.34Z,STA_ES1769A,SP_38005001_9_46,28.111373,-16.471625,ES.BDCA.AQD,ug.m-3,01/01/2017,01/01/2018,Valid,Verified,95.59360731,100,95.59360731,12.33126343
57,Spain,2017,2018-09-08T03:50:58.41Z,STA_ES0014R,SP_25224999_9_M,41.39389,0.73472,ES.BDCA.AQD,ug.m-3,01/01/2017,01/01/2018,Valid,Verified,93.97260274,100,93.97260274,7.08163265
58,Spain,2017,2018-09-08T03:50:58.41Z,STA_ES0016R,SP_27058999_9_M,42.63472,-7.70472,ES.BDCA.AQD,ug.m-3,01/01/2017,01/01/2018,Valid,Verified,78.90410959,100,78.90410959,9.65625
59,Spain,2017,2017-01-02T01:33:08.27Z,STA_ES1890A,SP_28007004_9_49,40.341909,-3.835735,ES.BDCA.AQD,ug.m-3,01/01/2017,01/01/2018,Valid,Verified,99.10958904,100,99.10958904,11.66493895
60,Spain,2017,2017-01-02T01:33:08.27Z,STA_ES1937A,SP_28079047_9_47,40.39805555,-3.68666666,ES.BDCA.AQD,ug.m-3,01/01/2017,01/01/2018,Valid,Verified,98.77853881,100,98.77853881,11.52062868
61,Spain,2017,2017-01-12T02:27:59.127Z,STA_ES1955A,SP_35004002_9_49,28.96787,-13.555856,ES.BDCA.AQD,ug.m-3,01/01/2017,01/01/2018,Valid,Verified,76.73515982,100,76.73515982,5.99464445
62,Spain,2017,2017-03-07T19:30:50.893Z,STA_ES1968A,SP_03014009_9_46,38.35111111,-0.51388888,ES.BDCA.AQD,ug.m-3,01/01/2017,01/01/2018,Valid,Verified,77.8196347,100,77.8196347,7.0555963
63,Spain,2017,2017-01-02T01:33:08.27Z,STA_ES1885A,SP_46250046_9_46,39.48027777,-0.33638888,ES.BDCA.AQD,ug.m-3,01/01/2017,01/01/2018,Valid,Verified,96.25570776,100,96.25570776,9.4089184
64,Spain,2017,2017-01-02T01:33:08.27Z,STA_ES1239A,SP_46250030_9_46,39.45611111,-0.37583333,ES.BDCA.AQD,ug.m-3,01/01/2017,01/01/2018,Valid,Verified,98.47031963,100,98.47031963,11.33596104
65,Spain,2017,2017-01-02T01:33:08.27Z,STA_ES1926A,SP_46250048_9_46,39.48111111,-0.40833333,ES.BDCA.AQD,ug.m-3,01/01/2017,01/01/2018,Valid,Verified,95.85616438,100,95.85616438,14.36822674
66,Spain,2017,2017-01-02T01:33:08.27Z,STA_ES1386A,SP_12040008_9_46,40.01277777,-0.05722222,ES.BDCA.AQD,ug.m-3,01/01/2017,01/01/2018,Valid,Verified,98.72146119,100,98.72146119,7.64650786
67,Spain,2017,2017-01-02T01:33:08.27Z,STA_ES1802A,SP_28016001_9_49,40.90901944,-3.467902778,ES.BDCA.AQD,ug.m-3,01/01/2017,01/01/2018,Valid,Verified,99.08675799,100,99.08675799,8.40864055
68,Spain,2017,2017-12-30T04:27:53.523Z,STA_ES1961A,SP_27902001_9_47,43.6694,-7.3789,ES.BDCA.AQD,ug.m-3,01/01/2017,01/01/2018,Valid,Verified,98.85844749,100,98.85844749,10.17420323
69,Spain,2017,2018-09-08T03:50:58.41Z,STA_ES1641A,SP_50297036_9_M,41.63528,-0.89361,ES.BDCA.AQD,ug.m-3,01/01/2017,01/01/2018,Valid,Verified,93.15068493,100,93.15068493,12.87058823
70,Spain,2017,2018-09-08T03:50:58.41Z,STA_ES0006R,SP_07032999_9_M,39.87528,4.31639,ES.BDCA.AQD,ug.m-3,01/01/2017,01/01/2018,Valid,Verified,92.05479452,100,92.05479452,6.08035714
71,Spain,2017,2018-09-01T10:31:54.34Z,STA_ES1866A,SP_35017002_9_47,28.50276174,-13.85369942,ES.BDCA.AQD,ug.m-3,01/01/2017,01/01/2018,Valid,Verified,86.56392694,100,86.56392694,7.53593564
72,Spain,2017,2018-09-01T10:31:54.34Z,STA_ES1863A,SP_35004001_9_A,28.97699,-13.547584,ES.BDCA.AQD,ug.m-3,01/01/2017,01/01/2018,Valid,Verified,95.75342466,100,95.75342466,8.28004291
73,Spain,2017,2018-09-01T10:31:54.34Z,STA_ES1975A,SP_38038022_9_46,28.45816,-16.278776,ES.BDCA.AQD,ug.m-3,01/01/2017,01/01/2018,Valid,Verified,78.08219178,100,78.08219178,6.89298245
74,Spain,2017,2018-09-01T10:31:54.34Z,STA_ES0365A,SP_34214001_9_46,42.70361,-4.82722,ES.BDCA.AQD,ug.m-3,01/01/2017,01/01/2018,Valid,Verified,99.97716895,100,99.97716895,5.50068508
75,Spain,2017,2018-09-01T10:31:54.34Z,STA_ES1772A,SP_38011006_9_47,28.393408,-16.3581,ES.BDCA.AQD,ug.m-3,01/01/2017,01/01/2018,Valid,Verified,95.86757991,100,95.86757991,16.52048106
76,Spain,2017,2018-09-01T10:31:54.34Z,STA_ES1768A,SP_38006001_9_46,28.007738,-16.655913,ES.BDCA.AQD,ug.m-3,01/01/2017,01/01/2018,Valid,Verified,96.58675799,100,96.58675799,15.0387661
77,Spain,2017,2018-09-01T10:31:54.34Z,STA_ES1767A,SP_38006002_9_46,28.07255,-16.653023,ES.BDCA.AQD,ug.m-3,01/01/2017,01/01/2018,Valid,Verified,96.87214612,100,96.87214612,12.76125382
78,Spain,2017,2018-09-01T10:31:54.34Z,STA_ES1741A,SP_35019002_9_47,27.763652,-15.563851,ES.BDCA.AQD,ug.m-3,01/01/2017,01/01/2018,Valid,Verified,97.37442922,100,97.37442922,11.45275498
79,Spain,2017,2017-01-02T01:33:08.27Z,STA_ES1838A,SP_28009001_9_49,40.59981944,-3.503286111,ES.BDCA.AQD,ug.m-3,01/01/2017,01/01/2018,Valid,Verified,99.14383562,100,99.14383562,10.83765112
80,Spain,2017,2017-01-06T01:36:47.877Z,STA_ES1632A,SP_47186029_9_49,41.62055555,-4.74666666,ES.BDCA.AQD,ug.m-3,01/01/2017,01/01/2018,Valid,Verified,93.37899543,100,93.37899543,8.29095354
81,Spain,2017,2017-01-12T02:27:59.127Z,STA_ES1956A,SP_38009001_9_49,28.645396,-17.771554,ES.BDCA.AQD,ug.m-3,01/01/2017,01/01/2018,Valid,Verified,92.92237443,100,92.92237443,9.71314496
85,Spain,2016,2017-08-12T04:51:05.54Z,STA_ES1760A,SP_38017003_9_46,28.112486,-16.577577,ES.BDCA.AQD,ug.m-3,01/01/2016,01/01/2017,Valid,Verified,98.09881603,100,98.09881603,8.7887896
86,Spain,2016,2016-01-20T02:25:38.267Z,STA_ES1937A,SP_28079047_9_47,40.39805555,-3.68666666,ES.BDCA.AQD,ug.m-3,01/01/2016,01/01/2017,Valid,Verified,98.7363388,100,98.7363388,11.21953188
87,Spain,2016,2016-03-05T01:16:27.89Z,STA_ES1631A,SP_47186027_9_49,41.64555555,-4.73027777,ES.BDCA.AQD,ug.m-3,01/01/2016,01/01/2017,Valid,Verified,93.73861566,100,93.73861566,10.49890697
88,Spain,2016,2017-08-07T07:45:40.333Z,STA_ES1763A,SP_35019004_9_47,27.801278,-15.461157,ES.BDCA.AQD,ug.m-3,01/01/2016,01/01/2017,Valid,Verified,98.98679417,100,98.98679417,10.44255319
89,Spain,2016,2017-08-07T07:45:40.333Z,STA_ES1979A,SP_38008001_9_47,28.667712,-17.775553,ES.BDCA.AQD,ug.m-3,01/01/2016,01/01/2017,Valid,Verified,97.25637523,100,97.25637523,4.22158492
90,Spain,2016,2016-06-03T00:57:56.24Z,STA_ES1976A,SP_38038021_9_49,28.461788,-16.27662,ES.BDCA.AQD,ug.m-3,01/01/2016,01/01/2017,Valid,Verified,96.35701275,100,96.35701275,9.46053875
91,Spain,2016,2017-08-12T04:51:05.54Z,STA_ES1744A,SP_35002002_9_47,27.86907,-15.38715,ES.BDCA.AQD,ug.m-3,01/01/2016,01/01/2017,Valid,Verified,99.33970856,100,99.33970856,7.12869585
92,Spain,2016,2017-08-07T07:45:40.333Z,STA_ES1975A,SP_38038022_9_46,28.45816,-16.278776,ES.BDCA.AQD,ug.m-3,01/01/2016,01/01/2017,Valid,Verified,90.65346084,100,90.65346084,5.86261459
93,Spain,2016,2016-01-29T00:46:23.843Z,STA_ES1905A,SP_27028005_9_49,42.9981,-7.55,ES.BDCA.AQD,ug.m-3,01/01/2016,01/01/2017,Valid,Verified,98.66803279,100,98.66803279,8.07395869
94,Spain,2016,2016-10-26T04:16:49.723Z,STA_ES1440A,SP_36057021_9_47,42.2103,-8.7369,ES.BDCA.AQD,ug.m-3,01/01/2016,01/01/2017,Valid,Verified,96.0154827,100,96.0154827,15.03930519
95,Spain,2016,2017-08-12T04:51:05.54Z,STA_ES1599A,SP_20016001_9_49,43.25055555,-2.155,ES.BDCA.AQD,ug.m-3,01/01/2016,01/01/2017,Valid,Verified,94.04599271,100,94.04599271,5.06294637
96,Spain,2016,2017-01-02T01:33:08.27Z,STA_ES2014A,SP_32039001_9_49,42.0617,-7.4085,ES.BDCA.AQD,ug.m-3,01/01/2016,01/01/2017,Valid,Verified,97.82559199,100,97.82559199,6.22692889
97,Spain,2016,2017-01-02T01:33:08.27Z,STA_ES1572A,SP_33044032_9_49,43.3727,-5.8728,ES.BDCA.AQD,ug.m-3,01/01/2016,01/01/2017,Valid,Verified,97.46129326,100,97.46129326,10.59595841
98,Spain,2016,2016-01-20T02:25:38.267Z,STA_ES1955A,SP_35004002_9_49,28.96787,-13.555856,ES.BDCA.AQD,ug.m-3,01/01/2016,01/01/2017,Valid,Verified,90.63069217,100,90.63069217,4.73935435
99,Spain,2016,2016-01-20T02:25:38.267Z,STA_ES1968A,SP_03014009_9_46,38.35111111,-0.51388888,ES.BDCA.AQD,ug.m-3,01/01/2016,01/01/2017,Valid,Verified,76.49134791,100,76.49134791,5.10760529
100,Spain,2016,2016-01-20T02:25:38.267Z,STA_ES1753A,SP_26117001_9_47,42.34,-2.059,ES.BDCA.AQD,ug.m-3,01/01/2016,01/01/2017,Valid,Verified,99.06648452,100,99.06648452,7.22468398
101,Spain,2016,2016-01-20T02:25:38.267Z,STA_ES1239A,SP_46250030_9_46,39.45611111,-0.37583333,ES.BDCA.AQD,ug.m-3,01/01/2016,01/01/2017,Valid,Verified,98.33788707,100,98.33788707,9.36073165
102,Spain,2016,2017-08-07T07:45:40.333Z,STA_ES1745A,SP_35002001_9_47,27.897639,-15.445028,ES.BDCA.AQD,ug.m-3,01/01/2016,01/01/2017,Valid,Verified,99.08925319,100,99.08925319,6.8705193
103,Spain,2016,2016-01-20T02:25:38.267Z,STA_ES1877A,SP_12009007_9_46,39.94527777,-0.05638888,ES.BDCA.AQD,ug.m-3,01/01/2016,01/01/2017,Valid,Verified,97.24499089,100,97.24499089,6.26012643
104,Spain,2016,2016-01-20T02:25:38.267Z,STA_ES1920A,SP_38004001_9_49,28.33722,-16.39972,ES.BDCA.AQD,ug.m-3,01/01/2016,01/01/2017,Valid,Verified,83.81147541,100,83.81147541,7.76242868
105,Spain,2016,2017-08-12T04:51:05.54Z,STA_ES1494A,SP_20069002_9_49,43.32277777,-1.96027777,ES.BDCA.AQD,ug.m-3,01/01/2016,01/01/2017,Valid,Verified,97.40437158,100,97.40437158,7.5330762
106,Spain,2016,2017-08-12T04:51:05.54Z,STA_ES0365A,SP_34214001_9_46,42.70361,-4.82722,ES.BDCA.AQD,ug.m-3,01/01/2016,01/01/2017,Valid,Verified,99.94307832,100,99.94307832,4.91980863
107,Spain,2016,2016-01-20T02:25:38.267Z,STA_ES0118A,SP_28079008_9_47,40.42166666,-3.68222222,ES.BDCA.AQD,ug.m-3,01/01/2016,01/01/2017,Valid,Verified,99.46493625,100,99.46493625,11.30628362
108,Spain,2016,2017-08-12T04:51:05.54Z,STA_ES1762A,SP_38017001_9_46,28.047332,-16.536049,ES.BDCA.AQD,ug.m-3,01/01/2016,01/01/2017,Valid,Verified,97.55236794,100,97.55236794,10.53868596
109,Spain,2016,2017-08-12T04:51:05.54Z,STA_ES0110A,SP_48902006_9_49,43.30277777,-2.97722222,ES.BDCA.AQD,ug.m-3,01/01/2016,01/01/2017,Valid,Verified,96.78961749,100,96.78961749,9.68736767
110,Spain,2016,2016-01-20T02:25:38.267Z,STA_ES1957A,SP_15030027_9_49,43.3825,-8.4089,ES.BDCA.AQD,ug.m-3,01/01/2016,01/01/2017,Valid,Verified,97.42714026,100,97.42714026,14.88713484
111,Spain,2016,2016-10-26T04:16:49.723Z,STA_ES1907A,SP_15005012_9_47,43.30222222,-8.50555555,ES.BDCA.AQD,ug.m-3,01/01/2016,01/01/2017,Valid,Verified,99.46493625,100,99.46493625,9.86604898
112,Spain,2016,2016-01-20T02:25:38.267Z,STA_ES1810A,SP_28171001_9_49,40.247937,-4.27515,ES.BDCA.AQD,ug.m-3,01/01/2016,01/01/2017,Valid,Verified,97.41575592,100,97.41575592,8.16524482
113,Spain,2016,2017-08-12T04:51:05.54Z,STA_ES1961A,SP_27902001_9_47,43.6694,-7.3789,ES.BDCA.AQD,ug.m-3,01/01/2016,01/01/2017,Valid,Verified,98.90710383,100,98.90710383,7.78474907
114,Spain,2016,2016-01-20T02:25:38.267Z,STA_ES1671A,SP_46258001_9_46,39.70805555,-0.83194444,ES.BDCA.AQD,ug.m-3,01/01/2016,01/01/2017,Valid,Verified,99.55601093,100,99.55601093,8.50120068
115,Spain,2016,2016-01-20T02:25:38.267Z,STA_ES1974A,SP_33024031_9_49,43.5166,-5.6707,ES.BDCA.AQD,ug.m-3,01/01/2016,01/01/2017,Valid,Verified,98.40619308,100,98.40619308,10.383503
137,Spain,2015,2016-07-31T01:12:18.037Z,STA_ES1760A,SP_38017003_9_46,28.112486,-16.577577,ES.BDCA.AQD,ug.m-3,01/01/2015,01/01/2016,Valid,Verified,99.76027397,100,99.76027397,10.12243963
138,Spain,2015,2016-12-16T08:05:15.97Z,STA_ES1687A,SP_12028001_9_46,40.06222222,0.07277777,ES.BDCA.AQD,ug.m-3,01/01/2015,01/01/2016,Valid,Verified,95.90182648,100,95.90182648,7.03178193
139,Spain,2015,2016-11-11T01:51:29.787Z,STA_ES1619A,SP_46250043_9_M,39.47805555,-0.36833333,ES.BDCA.AQD,ug.m-3,01/01/2015,01/01/2016,Valid,Verified,76.43835616,100,76.43835616,19.68817204
140,Spain,2015,2016-07-29T03:40:06.373Z,STA_ES1864A,SP_35024001_9_47,28.99031,-13.51655,ES.BDCA.AQD,ug.m-3,01/01/2015,01/01/2016,Valid,Verified,95.84474886,100,95.84474886,6.81133873
141,Spain,2015,2016-07-29T03:40:06.373Z,STA_ES1745A,SP_35002001_9_47,27.897639,-15.445028,ES.BDCA.AQD,ug.m-3,01/01/2015,01/01/2016,Valid,Verified,97.3630137,100,97.3630137,8.08453511
142,Spain,2015,2016-01-20T02:25:38.267Z,STA_ES1543A,SP_12141002_9_46,40.735,-0.16944444,ES.BDCA.AQD,ug.m-3,01/01/2015,01/01/2016,Valid,Verified,99.53196347,100,99.53196347,7.11434797
143,Spain,2015,2016-12-16T08:05:15.97Z,STA_ES1978A,SP_35017003_9_49,28.49838,-13.86083,ES.BDCA.AQD,ug.m-3,01/01/2015,01/01/2016,Valid,Verified,95.34246575,100,95.34246575,6.33045977
144,Spain,2015,2016-07-31T01:12:18.037Z,STA_ES1756A,SP_38011004_9_47,28.376713,-16.361928,ES.BDCA.AQD,ug.m-3,01/01/2015,01/01/2016,Valid,Verified,98.03652968,100,98.03652968,6.56404285
145,Spain,2015,2016-01-19T00:32:32.617Z,STA_ES1940A,SP_28079050_9_47,40.46583333,-3.68833333,ES.BDCA.AQD,ug.m-3,01/01/2015,01/01/2016,Valid,Verified,81.27853881,100,81.27853881,10.7480337
146,Spain,2015,2016-07-29T03:40:06.373Z,STA_ES1494A,SP_20069002_9_49,43.32277777,-1.96027777,ES.BDCA.AQD,ug.m-3,01/01/2015,01/01/2016,Valid,Verified,97.48858447,100,97.48858447,8.479274
147,Spain,2015,2016-07-29T03:40:06.373Z,STA_ES1489A,SP_01055001_9_49,42.87527777,-3.23138888,ES.BDCA.AQD,ug.m-3,01/01/2015,01/01/2016,Valid,Verified,88.43607306,100,88.43607306,6.16290176
148,Spain,2015,2016-01-20T02:25:38.267Z,STA_ES1670A,SP_46095001_9_46,39.55861111,-1.28138888,ES.BDCA.AQD,ug.m-3,01/01/2015,01/01/2016,Valid,Verified,96.73515982,100,96.73515982,11.08189756
149,Spain,2015,2016-07-29T03:40:06.373Z,STA_ES0873A,SP_35016010_9_47,28.03512,-15.41631,ES.BDCA.AQD,ug.m-3,01/01/2015,01/01/2016,Valid,Verified,99.31506849,100,99.31506849,8.80965517
150,Spain,2015,2016-12-16T08:05:15.97Z,STA_ES1890A,SP_28007004_9_49,40.341909,-3.835735,ES.BDCA.AQD,ug.m-3,01/01/2015,01/01/2016,Valid,Verified,98.88127854,100,98.88127854,8.01974139
151,Spain,2015,2016-07-29T03:40:06.373Z,STA_ES2004A,SP_35026004_9_47,28.026317,-15.414657,ES.BDCA.AQD,ug.m-3,01/01/2015,01/01/2016,Valid,Verified,80.60502283,100,80.60502283,6.29769154
152,Spain,2015,2016-12-16T08:05:15.97Z,STA_ES1752A,SP_28148004_9_49,40.449541,-3.477645,ES.BDCA.AQD,ug.m-3,01/01/2015,01/01/2016,Valid,Verified,92.5913242,100,92.5913242,9.27234619
153,Spain,2015,2016-12-16T08:05:15.97Z,STA_ES1920A,SP_38004001_9_49,28.33722,-16.39972,ES.BDCA.AQD,ug.m-3,01/01/2015,01/01/2016,Valid,Verified,91.27853881,100,91.27853881,9.20547773
154,Spain,2015,2016-12-16T08:05:15.97Z,STA_ES1956A,SP_38009001_9_49,28.645396,-17.771554,ES.BDCA.AQD,ug.m-3,01/01/2015,01/01/2016,Valid,Verified,79.16666667,100,79.16666667,6.97274693
155,Spain,2015,2016-11-11T01:51:29.787Z,STA_ES0006R,SP_07032999_9_M,39.87528,4.31639,ES.BDCA.AQD,ug.m-3,01/01/2015,01/01/2016,Valid,Verified,85.75342466,100,85.75342466,7.03514376
205,Spain,2017,2017-01-02T01:33:08.27Z,STA_ES0118A,SP_28079008_9_47,40.42166666,-3.68222222,ES.BDCA.AQD,ug.m-3,01/01/2017,01/01/2018,Valid,Verified,98.99543379,100,98.99543379,10.54520295
206,Spain,2017,2018-09-08T03:50:58.41Z,STA_ES0691A,SP_08019004_9_M,41.40388185,2.204522594,ES.BDCA.AQD,ug.m-3,01/01/2017,01/01/2018,Valid,Verified,92.32876712,100,92.32876712,17.81750741
207,Spain,2017,2018-09-08T03:50:58.41Z,STA_ES1916A,SP_12040016_9_M,39.99583333,-0.065,ES.BDCA.AQD,ug.m-3,01/01/2017,01/01/2018,Valid,Verified,88.21917808,100,88.21917808,12.76397515
208,Spain,2017,2017-12-30T04:27:53.523Z,STA_ES0094A,SP_15070006_9_47,43.4056,-7.9889,ES.BDCA.AQD,ug.m-3,01/01/2017,01/01/2018,Valid,Verified,96.96347032,100,96.96347032,9.82448787
209,Spain,2017,2018-01-13T05:01:59.413Z,STA_ES1697A,SP_20069005_9_49,43.30944444,-2.01111111,ES.BDCA.AQD,ug.m-3,01/01/2017,01/01/2018,Valid,Verified,88.96118721,100,88.96118721,8.82612601
210,Spain,2017,2017-01-02T01:33:08.27Z,STA_ES1905A,SP_27028005_9_49,42.9981,-7.55,ES.BDCA.AQD,ug.m-3,01/01/2017,01/01/2018,Valid,Verified,98.23059361,100,98.23059361,10.59886577
211,Spain,2017,2017-01-02T01:33:08.27Z,STA_ES2054A,SP_33004052_9_49,43.5705,-5.9583,ES.BDCA.AQD,ug.m-3,01/01/2017,01/01/2018,Valid,Verified,98.57305936,100,98.57305936,8.55564562
212,Spain,2017,2017-01-02T01:33:08.27Z,STA_ES1137A,SP_36057019_9_49,42.2192,-8.7419,ES.BDCA.AQD,ug.m-3,01/01/2017,01/01/2018,Valid,Verified,97.70547945,100,97.70547945,11.20029676
213,Spain,2017,2018-09-01T10:31:54.34Z,STA_ES1756A,SP_38011004_9_A,28.376713,-16.361928,ES.BDCA.AQD,ug.m-3,01/01/2017,01/01/2018,Valid,Verified,95.69634703,100,95.69634703,11.55517117
214,Spain,2017,2018-09-01T10:31:54.34Z,STA_ES1745A,SP_35002001_9_47,27.897639,-15.445028,ES.BDCA.AQD,ug.m-3,01/01/2017,01/01/2018,Valid,Verified,98.90410959,100,98.90410959,8.47680055
215,Spain,2017,2018-09-01T10:31:54.34Z,STA_ES1763A,SP_35019004_9_47,27.801278,-15.461157,ES.BDCA.AQD,ug.m-3,01/01/2017,01/01/2018,Valid,Verified,98.59589041,100,98.59589041,10.35510015
216,Spain,2017,2018-09-01T10:31:54.34Z,STA_ES1766A,SP_38006003_9_46,28.145093,-16.523687,ES.BDCA.AQD,ug.m-3,01/01/2017,01/01/2018,Valid,Verified,96.68949772,100,96.68949772,11.07508854
217,Spain,2017,2018-09-01T10:31:54.34Z,STA_ES1764A,SP_38011005_9_49,28.380537,-16.371986,ES.BDCA.AQD,ug.m-3,01/01/2017,01/01/2018,Valid,Verified,94.9543379,100,94.9543379,5.06828564
218,Spain,2017,2018-09-01T10:31:54.34Z,STA_ES0360A,SP_24070001_9_47,42.78138888,-6.60388888,ES.BDCA.AQD,ug.m-3,01/01/2017,01/01/2018,Valid,Verified,99.6803653,100,99.6803653,8.93449381
219,Spain,2017,2018-09-01T10:31:54.34Z,STA_ES1742A,SP_35019001_9_47,27.77259736,-15.54188043,ES.BDCA.AQD,ug.m-3,01/01/2017,01/01/2018,Valid,Verified,98.74429224,100,98.74429224,10.09491329
220,Spain,2017,2018-09-08T03:50:58.41Z,STA_ES1418A,SP_50008001_9_M,41.76278,-1.14333,ES.BDCA.AQD,ug.m-3,01/01/2017,01/01/2018,Valid,Verified,97.53424658,100,97.53424658,14.1235955
221,Spain,2017,2017-01-02T01:33:08.27Z,STA_ES1914A,SP_03066003_9_46,38.45472222,-0.80333333,ES.BDCA.AQD,ug.m-3,01/01/2017,01/01/2018,Valid,Verified,96.51826484,100,96.51826484,10.88314606
222,Spain,2017,2017-01-02T01:33:08.27Z,STA_ES1803A,SP_28047002_9_49,40.633089,-4.01425,ES.BDCA.AQD,ug.m-3,01/01/2017,01/01/2018,Valid,Verified,98.72146119,100,98.72146119,10.25670675
223,Spain,2017,2017-09-12T23:11:33.41Z,STA_ES1535A,SP_02003001_9_49,38.97928,-1.85213,ES.BDCA.AQD,ug.m-3,01/01/2017,01/01/2018,Valid,Verified,93.25342466,100,93.25342466,11.23259884
224,Spain,2017,2017-01-12T02:27:59.127Z,STA_ES2003A,SP_38038024_9_49,28.455375,-16.27675,ES.BDCA.AQD,ug.m-3,01/01/2017,01/01/2018,Valid,Verified,89.6803653,100,89.6803653,10.18469959
225,Spain,2017,2018-09-08T03:50:58.41Z,STA_ES0008R,SP_33036999_9_M,43.43917,-4.85,ES.BDCA.AQD,ug.m-3,01/01/2017,01/01/2018,Valid,Verified,95.61643836,100,95.61643836,6.70200573
226,Spain,2017,2018-09-08T03:50:58.41Z,STA_ES0001R,SP_45153999_9_M,39.54694,-4.35056,ES.BDCA.AQD,ug.m-3,01/01/2017,01/01/2018,Valid,Verified,91.78082192,100,91.78082192,5.60298507
227,Spain,2017,2018-09-08T03:50:58.41Z,STA_ES1964A,SP_08211004_9_M,41.38663899,2.057392493,ES.BDCA.AQD,ug.m-3,01/01/2017,01/01/2018,Valid,Verified,83.28767123,100,83.28767123,10.81710525
228,Spain,2017,2018-09-08T03:50:58.41Z,STA_ES0012R,SP_46263999_9_M,39.08278,-1.10111,ES.BDCA.AQD,ug.m-3,01/01/2017,01/01/2018,Valid,Verified,95.34246575,100,95.34246575,5.48563218
229,Spain,2017,2017-01-02T01:33:08.27Z,STA_ES1884A,SP_46220010_9_46,39.63416666,-0.26583333,ES.BDCA.AQD,ug.m-3,01/01/2017,01/01/2018,Valid,Verified,98.07077626,100,98.07077626,6.91165172
230,Spain,2017,2017-01-02T01:33:08.27Z,STA_ES0825A,SP_33031030_9_49,43.3067,-5.6897,ES.BDCA.AQD,ug.m-3,01/01/2017,01/01/2018,Valid,Verified,98.25342466,100,98.25342466,17.10619263
231,Spain,2017,2017-01-02T01:33:08.27Z,STA_ES2018A,SP_46028001_9_46,39.78222222,-0.35916666,ES.BDCA.AQD,ug.m-3,01/01/2017,01/01/2018,Valid,Verified,92.4086758,100,92.4086758,5.15392217
232,Spain,2017,2017-01-12T02:27:59.127Z,STA_ES1978A,SP_35017003_9_49,28.49838,-13.86083,ES.BDCA.AQD,ug.m-3,01/01/2017,01/01/2018,Valid,Verified,86.22146119,100,86.22146119,7.63550906
233,Spain,2017,2017-01-02T01:33:08.27Z,STA_ES1687A,SP_12028001_9_46,40.06222222,0.07277777,ES.BDCA.AQD,ug.m-3,01/01/2017,01/01/2018,Valid,Verified,98.47031963,100,98.47031963,5.03477857
234,Spain,2017,2017-01-02T01:33:08.27Z,STA_ES1181A,SP_46102002_9_46,39.48111111,-0.44722222,ES.BDCA.AQD,ug.m-3,01/01/2017,01/01/2018,Valid,Verified,91.40410959,100,91.40410959,9.41875858
235,Spain,2017,2018-01-20T04:48:27.113Z,STA_ES1798A,SP_15030021_9_47,43.3542,-8.4247,ES.BDCA.AQD,ug.m-3,01/01/2017,01/01/2018,Valid,Verified,98.51598174,100,98.51598174,13.89095017
236,Spain,2017,2017-12-30T04:27:53.523Z,STA_ES0201A,SP_15070002_9_47,43.45,-7.8472,ES.BDCA.AQD,ug.m-3,01/01/2017,01/01/2018,Valid,Verified,95.95890411,100,95.95890411,10.50801808
237,Spain,2017,2018-09-01T10:31:54.34Z,STA_ES1759A,SP_38038012_9_46,28.451022,-16.277692,ES.BDCA.AQD,ug.m-3,01/01/2017,01/01/2018,Valid,Verified,93.80136986,100,93.80136986,8.38955823
238,Spain,2017,2018-09-01T10:31:54.34Z,STA_ES1977A,SP_35022002_9_47,27.89833,-15.48833,ES.BDCA.AQD,ug.m-3,01/01/2017,01/01/2018,Valid,Verified,98.40182648,100,98.40182648,9.02842227
239,Spain,2017,2018-09-01T10:31:54.34Z,STA_ES1979A,SP_38008001_9_47,28.667712,-17.775553,ES.BDCA.AQD,ug.m-3,01/01/2017,01/01/2018,Valid,Verified,94.47488584,100,94.47488584,5.23864185
240,Spain,2017,2018-09-01T10:31:54.34Z,STA_ES1744A,SP_35002002_9_47,27.86907,-15.38715,ES.BDCA.AQD,ug.m-3,01/01/2017,01/01/2018,Valid,Verified,97.69406393,100,97.69406393,12.22668847
241,Spain,2017,2017-01-02T01:33:08.27Z,STA_ES1671A,SP_46258001_9_46,39.70805555,-0.83194444,ES.BDCA.AQD,ug.m-3,01/01/2017,01/01/2018,Valid,Verified,97.51141553,100,97.51141553,8.10664949
242,Spain,2017,2018-09-08T03:50:58.41Z,STA_ES0559A,SP_08019028_9_M,41.38742396,2.164918317,ES.BDCA.AQD,ug.m-3,01/01/2017,01/01/2018,Valid,Verified,97.26027397,100,97.26027397,17.65521126
244,Spain,2016,2016-01-20T02:25:38.267Z,STA_ES1687A,SP_12028001_9_46,40.06222222,0.07277777,ES.BDCA.AQD,ug.m-3,01/01/2016,01/01/2017,Valid,Verified,98.11020036,100,98.11020036,4.49605476
245,Spain,2016,2017-08-12T04:51:05.54Z,STA_ES0873A,SP_35016010_9_47,28.03512,-15.41631,ES.BDCA.AQD,ug.m-3,01/01/2016,01/01/2017,Valid,Verified,93.85245902,100,93.85245902,8.15684133
246,Spain,2016,2016-01-20T02:25:38.267Z,STA_ES1181A,SP_46102002_9_46,39.48111111,-0.44722222,ES.BDCA.AQD,ug.m-3,01/01/2016,01/01/2017,Valid,Verified,93.1352459,100,93.1352459,10.00220022
247,Spain,2016,2017-08-12T04:51:05.54Z,STA_ES1863A,SP_35004001_9_47,28.97699,-13.547584,ES.BDCA.AQD,ug.m-3,01/01/2016,01/01/2017,Valid,Verified,97.58652095,100,97.58652095,4.71873541
248,Spain,2016,2016-01-29T00:46:23.843Z,STA_ES2054A,SP_33004052_9_49,43.5705,-5.9583,ES.BDCA.AQD,ug.m-3,01/01/2016,01/01/2017,Valid,Verified,97.51821494,100,97.51821494,8.89364931
249,Spain,2016,2017-08-12T05:21:09.743Z,STA_ES2070A,SP_44051005_9_M,40.94667,-0.29083,ES.BDCA.AQD,ug.m-3,01/01/2016,01/01/2017,Valid,Verified,88.52459016,100,88.52459016,4.91358024
250,Spain,2016,2017-01-02T01:33:08.27Z,STA_ES1901A,SP_15078008_9_49,42.8878,-8.5308,ES.BDCA.AQD,ug.m-3,01/01/2016,01/01/2017,Valid,Verified,98.7704918,100,98.7704918,11.83552328
251,Spain,2016,2017-08-05T05:13:35Z,STA_ES1764A,SP_38011005_9_47_49_c,28.380537,-16.371986,ES.BDCA.AQD,ug.m-3,01/01/2016,01/01/2017,Valid,Verified,96.16347905,100,96.16347905,5.08511897
252,Spain,2016,2016-01-20T02:25:38.267Z,STA_ES1543A,SP_12141002_9_46,40.735,-0.16944444,ES.BDCA.AQD,ug.m-3,01/01/2016,01/01/2017,Valid,Verified,97.64344262,100,97.64344262,7.43581671
253,Spain,2016,2016-01-20T02:25:38.267Z,STA_ES1779A,SP_26019001_9_47,42.44,-2.239,ES.BDCA.AQD,ug.m-3,01/01/2016,01/01/2017,Valid,Verified,99.23724954,100,99.23724954,11.17308707
254,Spain,2016,2016-01-20T02:25:38.267Z,STA_ES1827A,SP_07010001_9_47,39.67766,2.68665,ES.BDCA.AQD,ug.m-3,01/01/2016,01/01/2017,Valid,Verified,92.81648452,100,92.81648452,6.6341224
255,Spain,2016,2017-08-07T07:45:40.333Z,STA_ES2053A,SP_38036002_9_49,28.09012,-17.1181,ES.BDCA.AQD,ug.m-3,01/01/2016,01/01/2017,Valid,Verified,94.62659381,100,94.62659381,7.9156641
256,Spain,2016,2016-01-20T02:25:38.267Z,STA_ES1670A,SP_46095001_9_46,39.55861111,-1.28138888,ES.BDCA.AQD,ug.m-3,01/01/2016,01/01/2017,Valid,Verified,98.89571949,100,98.89571949,9.5154829
257,Spain,2016,2017-08-07T07:45:40.333Z,STA_ES1492A,SP_01059009_9_49,42.85555555,-2.66805555,ES.BDCA.AQD,ug.m-3,01/01/2016,01/01/2017,Valid,Verified,93.9435337,100,93.9435337,9.29944255
258,Spain,2016,2016-01-20T02:25:38.267Z,STA_ES1746A,SP_26066001_9_47,42.341,-2.232,ES.BDCA.AQD,ug.m-3,01/01/2016,01/01/2017,Valid,Verified,99.04371585,100,99.04371585,8.68391954
259,Spain,2016,2017-09-30T19:23:58.033Z,STA_ES0009R,SP_19061999_9_M,41.27417,-3.1425,ES.BDCA.AQD,ug.m-3,01/01/2016,01/01/2017,Valid,Verified,81.14754098,100,81.14754098,4.1010101
260,Spain,2016,2016-01-20T02:25:38.267Z,STA_ES1386A,SP_12040008_9_46,40.01277777,-0.05722222,ES.BDCA.AQD,ug.m-3,01/01/2016,01/01/2017,Valid,Verified,97.23360656,100,97.23360656,6.41412012
261,Spain,2016,2017-08-12T04:51:05.54Z,STA_ES1499A,SP_20019001_9_49,43.04833333,-2.19111111,ES.BDCA.AQD,ug.m-3,01/01/2016,01/01/2017,Valid,Verified,88.05783242,100,88.05783242,7.34014221
262,Spain,2016,2016-01-20T02:25:38.267Z,STA_ES1818A,SP_45168002_9_49,39.86806,-4.02083,ES.BDCA.AQD,ug.m-3,01/01/2016,01/01/2017,Valid,Verified,97.3132969,100,97.3132969,10.84850257
263,Spain,2016,2016-03-12T01:10:10.753Z,STA_ES2036A,SP_12138001_9_46,40.54611,0.425,ES.BDCA.AQD,ug.m-3,01/01/2016,01/01/2017,Valid,Verified,81.55737705,100,81.55737705,6.42811278
264,Spain,2016,2017-08-12T05:21:09.743Z,STA_ES1856A,SP_08019054_9_M,41.4260772,2.147992032,ES.BDCA.AQD,ug.m-3,01/01/2016,01/01/2017,Valid,Verified,95.35519126,100,95.35519126,11.20515759
265,Spain,2016,2016-01-20T02:25:38.267Z,STA_ES1997A,SP_10148001_9_46,40.07778,-6.14722,ES.BDCA.AQD,ug.m-3,01/01/2016,01/01/2017,Valid,Verified,94.68351548,100,94.68351548,5.86506672
266,Spain,2016,2017-08-12T05:21:09.743Z,STA_ES1964A,SP_08211004_9_M,41.38663899,2.057392493,ES.BDCA.AQD,ug.m-3,01/01/2016,01/01/2017,Valid,Verified,92.34972678,100,92.34972678,9.46804733
267,Spain,2016,2017-08-12T05:21:09.743Z,STA_ES1480A,SP_08019044_9_M,41.39874325,2.153385124,ES.BDCA.AQD,ug.m-3,01/01/2016,01/01/2017,Valid,Verified,97.81420765,100,97.81420765,13.16648044
268,Spain,2016,2016-01-20T02:25:38.267Z,STA_ES1809A,SP_28161001_9_49,40.185241,-3.680265,ES.BDCA.AQD,ug.m-3,01/01/2016,01/01/2017,Valid,Verified,98.63387978,100,98.63387978,15.3973915
269,Spain,2016,2017-08-12T04:51:05.54Z,STA_ES1741A,SP_35019002_9_47,27.763652,-15.563851,ES.BDCA.AQD,ug.m-3,01/01/2016,01/01/2017,Valid,Verified,99.28278689,100,99.28278689,9.0240798
270,Spain,2016,2016-03-05T01:16:27.89Z,STA_ES2010A,SP_47186031_9_49,41.63,-4.74055555,ES.BDCA.AQD,ug.m-3,01/01/2016,01/01/2017,Valid,Verified,84.23269581,100,84.23269581,14.70144614
271,Spain,2016,2016-01-20T02:25:38.267Z,STA_ES1890A,SP_28007004_9_49,40.341909,-3.835735,ES.BDCA.AQD,ug.m-3,01/01/2016,01/01/2017,Valid,Verified,99.43078324,100,99.43078324,9.33077627
272,Spain,2016,2016-01-20T02:25:38.267Z,STA_ES0825A,SP_33031030_9_49,43.3067,-5.6897,ES.BDCA.AQD,ug.m-3,01/01/2016,01/01/2017,Valid,Verified,97.46129326,100,97.46129326,15.10360939
273,Spain,2015,2016-07-29T03:40:06.373Z,STA_ES1767A,SP_38006002_9_46,28.07255,-16.653023,ES.BDCA.AQD,ug.m-3,01/01/2015,01/01/2016,Valid,Verified,99.33789954,100,99.33789954,13.64502413
274,Spain,2015,2016-07-31T01:12:18.037Z,STA_ES0110A,SP_48902006_9_49,43.30277777,-2.97722222,ES.BDCA.AQD,ug.m-3,01/01/2015,01/01/2016,Valid,Verified,92.9109589,100,92.9109589,10.61309743
275,Spain,2015,2016-12-16T08:05:15.97Z,STA_ES1926A,SP_46250048_9_46,39.48111111,-0.40833333,ES.BDCA.AQD,ug.m-3,01/01/2015,01/01/2016,Valid,Verified,85.82191781,100,85.82191781,13.19300345
276,Spain,2015,2016-07-29T03:40:06.373Z,STA_ES1499A,SP_20019001_9_49,43.04833333,-2.19111111,ES.BDCA.AQD,ug.m-3,01/01/2015,01/01/2016,Valid,Verified,82.7283105,100,82.7283105,8.91499931
277,Spain,2015,2016-12-20T02:01:01.927Z,STA_ES1631A,SP_47186027_9_49,41.64555555,-4.73027777,ES.BDCA.AQD,ug.m-3,01/01/2015,01/01/2016,Valid,Verified,95.57077626,100,95.57077626,10.48315814
278,Spain,2015,2016-07-29T03:40:06.373Z,STA_ES1865A,SP_35017001_9_47,28.500255,-13.852395,ES.BDCA.AQD,ug.m-3,01/01/2015,01/01/2016,Valid,Verified,97.79680365,100,97.79680365,7.10785572
279,Spain,2015,2016-07-31T01:12:18.037Z,STA_ES2022A,SP_38011007_9_49,28.38016,-16.36833,ES.BDCA.AQD,ug.m-3,01/01/2015,01/01/2016,Valid,Verified,96.57534247,100,96.57534247,10.85969267
280,Spain,2015,2016-07-31T01:12:18.037Z,STA_ES1762A,SP_38017001_9_46,28.047332,-16.536049,ES.BDCA.AQD,ug.m-3,01/01/2015,01/01/2016,Valid,Verified,99.01826484,100,99.01826484,12.66324648
281,Spain,2015,2016-12-16T08:05:15.97Z,STA_ES1443A,SP_09059006_9_49,42.33611,-3.63611,ES.BDCA.AQD,ug.m-3,01/01/2015,01/01/2016,Valid,Verified,96.00456621,100,96.00456621,11.39393579
282,Spain,2015,2016-12-16T08:05:15.97Z,STA_ES0118A,SP_28079008_9_47,40.42166666,-3.68222222,ES.BDCA.AQD,ug.m-3,01/01/2015,01/01/2016,Valid,Verified,93.16210046,100,93.16210046,13.4641588
283,Spain,2015,2016-12-16T08:05:15.97Z,STA_ES1755A,SP_31216001_9_46,42.58056,-1.2825,ES.BDCA.AQD,ug.m-3,01/01/2015,01/01/2016,Valid,Verified,76.00456621,100,76.00456621,13.3720787
284,Spain,2015,2016-11-11T01:51:29.787Z,STA_ES0559A,SP_08019028_9_M,41.38742396,2.164918317,ES.BDCA.AQD,ug.m-3,01/01/2015,01/01/2016,Valid,Verified,96.43835616,100,96.43835616,20.31505681
285,Spain,2015,2016-07-31T01:12:18.037Z,STA_ES1772A,SP_38011006_9_47,28.393408,-16.3581,ES.BDCA.AQD,ug.m-3,01/01/2015,01/01/2016,Valid,Verified,95.1826484,100,95.1826484,12.35560086
286,Spain,2015,2016-01-20T02:25:38.267Z,STA_ES2036A,SP_12138001_9_46,40.54611,0.425,ES.BDCA.AQD,ug.m-3,01/01/2015,01/01/2016,Valid,Verified,78.39041096,100,78.39041096,8.40891218
287,Spain,2015,2016-07-29T03:40:06.373Z,STA_ES1863A,SP_35004001_9_47,28.97699,-13.547584,ES.BDCA.AQD,ug.m-3,01/01/2015,01/01/2016,Valid,Verified,79.44063927,100,79.44063927,3.83244719
288,Spain,2015,2016-12-16T08:05:15.97Z,STA_ES1877A,SP_12009007_9_46,39.94527777,-0.05638888,ES.BDCA.AQD,ug.m-3,01/01/2015,01/01/2016,Valid,Verified,98.44748858,100,98.44748858,7.97727272
289,Spain,2015,2016-07-31T01:12:18.037Z,STA_ES2020A,SP_38038025_9_46,28.45666,-16.271836,ES.BDCA.AQD,ug.m-3,01/01/2015,01/01/2016,Valid,Verified,89.04109589,100,89.04109589,8.79628205
290,Spain,2015,2016-07-31T01:12:18.037Z,STA_ES1761A,SP_38017002_9_46,28.080007,-16.559855,ES.BDCA.AQD,ug.m-3,01/01/2015,01/01/2016,Valid,Verified,98.85844749,100,98.85844749,8.9603926
291,Spain,2015,2016-11-11T01:51:29.787Z,STA_ES1418A,SP_50008001_9_M,41.76278,-1.14333,ES.BDCA.AQD,ug.m-3,01/01/2015,01/01/2016,Valid,Verified,91.50684932,100,91.50684932,14.26047904
292,Spain,2015,2016-11-11T01:51:29.787Z,STA_ES1641A,SP_50297036_9_M,41.63528,-0.89361,ES.BDCA.AQD,ug.m-3,01/01/2015,01/01/2016,Valid,Verified,91.50684932,100,91.50684932,12.15568862
293,Spain,2015,2016-11-11T01:51:29.787Z,STA_ES1915A,SP_03014008_9_M,38.34027777,-0.50666666,ES.BDCA.AQD,ug.m-3,01/01/2015,01/01/2016,Valid,Verified,85.47945205,100,85.47945205,12.63461538
294,Spain,2015,2016-12-16T08:05:15.97Z,STA_ES1753A,SP_26117001_9_47,42.34,-2.059,ES.BDCA.AQD,ug.m-3,01/01/2015,01/01/2016,Valid,Verified,98.31050228,100,98.31050228,7.40253135
295,Spain,2015,2016-01-19T00:32:32.617Z,STA_ES0360A,SP_24070001_9_47,42.78138888,-6.60388888,ES.BDCA.AQD,ug.m-3,01/01/2015,01/01/2016,Valid,Verified,98.86986301,100,98.86986301,8.03279067
324,Spain,2017,2018-09-08T03:50:58.41Z,STA_ES0010R,SP_17032999_9_M,42.31917,3.31583,ES.BDCA.AQD,ug.m-3,01/01/2017,01/01/2018,Valid,Verified,85.20547945,100,85.20547945,7.55305466
325,Spain,2017,2018-09-08T03:50:58.41Z,STA_ES0567A,SP_08019045_9_M,41.38490638,2.119573944,ES.BDCA.AQD,ug.m-3,01/01/2017,01/01/2018,Valid,Verified,98.90410959,100,98.90410959,13.3301939
326,Spain,2017,2018-09-08T03:50:58.41Z,STA_ES1438A,SP_08019043_9_M,41.38534328,2.15382196,ES.BDCA.AQD,ug.m-3,01/01/2017,01/01/2018,Valid,Verified,96.43835616,100,96.43835616,17.09829545
327,Spain,2017,2018-09-08T03:50:58.41Z,STA_ES0011R,SP_06016999_9_M,38.47278,-6.92361,ES.BDCA.AQD,ug.m-3,01/01/2017,01/01/2018,Valid,Verified,88.21917808,100,88.21917808,7.0931677
328,Spain,2017,2018-01-13T05:01:59.413Z,STA_ES1499A,SP_20019001_9_49,43.04833333,-2.19111111,ES.BDCA.AQD,ug.m-3,01/01/2017,01/01/2018,Valid,Verified,88.82420091,100,88.82420091,8.51741421
329,Spain,2017,2017-01-02T01:33:08.27Z,STA_ES1138A,SP_15030001_9_49,43.3678,-8.4189,ES.BDCA.AQD,ug.m-3,01/01/2017,01/01/2018,Valid,Verified,94.13242009,100,94.13242009,14.26487266
330,Spain,2017,2017-01-02T01:33:08.27Z,STA_ES1096A,SP_32054004_9_49,42.3519,-7.8769,ES.BDCA.AQD,ug.m-3,01/01/2017,01/01/2018,Valid,Verified,97.44292237,100,97.44292237,12.11453139
331,Spain,2017,2018-09-08T03:50:58.41Z,STA_ES1417A,SP_22125001_9_M,42.13611,-0.40389,ES.BDCA.AQD,ug.m-3,01/01/2017,01/01/2018,Valid,Verified,78.08219178,100,78.08219178,9.13333333
332,Spain,2017,2018-09-08T03:50:58.41Z,STA_ES1982A,SP_25196001_9_46,42.05134069,0.729555647,ES.BDCA.AQD,ug.m-3,01/01/2017,01/01/2018,Valid,Verified,84.38356164,100,84.38356164,6.40746752
333,Spain,2017,2018-09-01T10:31:54.34Z,STA_ES0886A,SP_35026001_9_47,28.029852,-15.416086,ES.BDCA.AQD,ug.m-3,01/01/2017,01/01/2018,Valid,Verified,90.3196347,100,90.3196347,8.11299292
334,Spain,2017,2017-01-04T01:49:16.423Z,STA_ES1649A,SP_26011001_9_49,42.176,-1.744,ES.BDCA.AQD,ug.m-3,01/01/2017,01/01/2018,Valid,Verified,97.34018265,100,97.34018265,6.40459716
335,Spain,2017,2017-01-02T01:33:08.27Z,STA_ES1940A,SP_28079050_9_47,40.46583333,-3.68833333,ES.BDCA.AQD,ug.m-3,01/01/2017,01/01/2018,Valid,Verified,99.40639269,100,99.40639269,8.97588424
336,Spain,2017,2017-01-02T01:33:08.27Z,STA_ES1974A,SP_33024031_9_49,43.5166,-5.6707,ES.BDCA.AQD,ug.m-3,01/01/2017,01/01/2018,Valid,Verified,98.61872146,100,98.61872146,10.84847783
337,Spain,2017,2017-01-02T01:33:08.27Z,STA_ES2051A,SP_33066004_9_49,43.4015,-5.8028,ES.BDCA.AQD,ug.m-3,01/01/2017,01/01/2018,Valid,Verified,94.34931507,100,94.34931507,15.47114337
338,Spain,2017,2017-01-02T01:33:08.27Z,STA_ES1886A,SP_46077006_9_46,39.42722222,-0.78388888,ES.BDCA.AQD,ug.m-3,01/01/2017,01/01/2018,Valid,Verified,96.03881279,100,96.03881279,10.2018305
339,Spain,2017,2017-01-02T01:33:08.27Z,STA_ES1809A,SP_28161001_9_49,40.185241,-3.680265,ES.BDCA.AQD,ug.m-3,01/01/2017,01/01/2018,Valid,Verified,99.25799087,100,99.25799087,13.29131684
340,Spain,2017,2017-12-30T04:27:53.523Z,STA_ES1175A,SP_27038004_9_49,42.71527777,-7.44944444,ES.BDCA.AQD,ug.m-3,01/01/2017,01/01/2018,Valid,Verified,81.41552511,100,81.41552511,11.63812955
341,Spain,2017,2017-01-02T01:33:08.27Z,STA_ES2061A,SP_36038010_9_49,42.425932,-8.643995,ES.BDCA.AQD,ug.m-3,01/01/2017,01/01/2018,Valid,Verified,95.61643836,100,95.61643836,12.04710362
342,Spain,2017,2018-09-01T10:31:54.34Z,STA_ES1598A,SP_48096001_9_49,43.21305555,-3.13444444,ES.BDCA.AQD,ug.m-3,01/01/2017,01/01/2018,Valid,Verified,88.75570776,100,88.75570776,7.96810289
343,Spain,2017,2018-09-01T10:31:54.34Z,STA_ES1762A,SP_38017001_9_46,28.047332,-16.536049,ES.BDCA.AQD,ug.m-3,01/01/2017,01/01/2018,Valid,Verified,96.51826484,100,96.51826484,12.04565345
344,Spain,2017,2017-01-02T01:33:08.27Z,STA_ES1670A,SP_46095001_9_46,39.55861111,-1.28138888,ES.BDCA.AQD,ug.m-3,01/01/2017,01/01/2018,Valid,Verified,93.45890411,100,93.45890411,7.51398558
371,Spain,2016,2017-08-12T05:21:09.743Z,STA_ES1619A,SP_46250043_9_M,39.47805555,-0.36833333,ES.BDCA.AQD,ug.m-3,01/01/2016,01/01/2017,Valid,Verified,77.59562842,100,77.59562842,16.30985915
372,Spain,2016,2016-01-20T02:25:38.267Z,STA_ES1803A,SP_28047002_9_49,40.633089,-4.01425,ES.BDCA.AQD,ug.m-3,01/01/2016,01/01/2017,Valid,Verified,98.94125683,100,98.94125683,11.90633989
373,Spain,2016,2016-03-05T01:16:27.89Z,STA_ES1636A,SP_47186030_9_49,41.65611111,-4.73388888,ES.BDCA.AQD,ug.m-3,01/01/2016,01/01/2017,Valid,Verified,97.68897996,100,97.68897996,8.04311851
374,Spain,2016,2016-01-20T02:25:38.267Z,STA_ES1443A,SP_09059006_9_49,42.33611,-3.63611,ES.BDCA.AQD,ug.m-3,01/01/2016,01/01/2017,Valid,Verified,96.0154827,100,96.0154827,8.52537348
375,Spain,2016,2017-08-07T07:45:40.333Z,STA_ES2069A,SP_33024032_9_49,43.5229,-5.6895,ES.BDCA.AQD,ug.m-3,01/01/2016,01/01/2017,Valid,Verified,98.44034608,100,98.44034608,9.86110789
376,Spain,2016,2017-08-07T07:45:40.333Z,STA_ES1766A,SP_38006003_9_46,28.145093,-16.523687,ES.BDCA.AQD,ug.m-3,01/01/2016,01/01/2017,Valid,Verified,97.85974499,100,97.85974499,8.79339227
377,Spain,2016,2016-01-20T02:25:38.267Z,STA_ES1978A,SP_35017003_9_49,28.49838,-13.86083,ES.BDCA.AQD,ug.m-3,01/01/2016,01/01/2017,Valid,Verified,87.51138434,100,87.51138434,5.80265383
378,Spain,2016,2017-08-07T07:45:40.333Z,STA_ES1772A,SP_38011006_9_47,28.393408,-16.3581,ES.BDCA.AQD,ug.m-3,01/01/2016,01/01/2017,Valid,Verified,96.36839709,100,96.36839709,7.92333136
379,Spain,2016,2016-01-20T02:25:38.267Z,STA_ES1885A,SP_46250046_9_46,39.48027777,-0.33638888,ES.BDCA.AQD,ug.m-3,01/01/2016,01/01/2017,Valid,Verified,97.16530055,100,97.16530055,9.18301113
380,Spain,2016,2017-08-07T07:45:40.333Z,STA_ES1980A,SP_38037001_9_47,28.685983,-17.764587,ES.BDCA.AQD,ug.m-3,01/01/2016,01/01/2017,Valid,Verified,94.75182149,100,94.75182149,4.48564219
381,Spain,2016,2017-08-12T04:51:05.54Z,STA_ES1767A,SP_38006002_9_46,28.07255,-16.653023,ES.BDCA.AQD,ug.m-3,01/01/2016,01/01/2017,Valid,Verified,97.97358834,100,97.97358834,10.53997211
382,Spain,2016,2017-08-12T05:21:09.743Z,STA_ES1438A,SP_08019043_9_M,41.38534328,2.15382196,ES.BDCA.AQD,ug.m-3,01/01/2016,01/01/2017,Valid,Verified,98.63387978,100,98.63387978,15.54903046
383,Spain,2016,2017-08-07T07:45:40.333Z,STA_ES1864A,SP_35024001_9_47,28.99031,-13.51655,ES.BDCA.AQD,ug.m-3,01/01/2016,01/01/2017,Valid,Verified,97.34744991,100,97.34744991,5.11811484
384,Spain,2016,2016-01-20T02:25:38.267Z,STA_ES1919A,SP_35026003_9_49,28.003645,-15.411851,ES.BDCA.AQD,ug.m-3,01/01/2016,01/01/2017,Valid,Verified,90.15255009,100,90.15255009,8.47152418
385,Spain,2016,2016-01-20T02:25:38.267Z,STA_ES1649A,SP_26011001_9_49,42.176,-1.744,ES.BDCA.AQD,ug.m-3,01/01/2016,01/01/2017,Valid,Verified,96.91484517,100,96.91484517,6.08293198
386,Spain,2016,2016-01-20T02:25:38.267Z,STA_ES1525A,SP_28079038_9_47,40.44527777,-3.70638888,ES.BDCA.AQD,ug.m-3,01/01/2016,01/01/2017,Valid,Verified,99.14617486,100,99.14617486,10.57446319
387,Spain,2016,2017-08-12T04:51:05.54Z,STA_ES1756A,SP_38011004_9_47,28.376713,-16.361928,ES.BDCA.AQD,ug.m-3,01/01/2016,01/01/2017,Valid,Verified,95.51457195,100,95.51457195,6.71275327
388,Spain,2016,2017-08-12T05:21:09.743Z,STA_ES1418A,SP_50008001_9_M,41.76278,-1.14333,ES.BDCA.AQD,ug.m-3,01/01/2016,01/01/2017,Valid,Verified,98.36065574,100,98.36065574,11.90555555
389,Spain,2016,2017-01-02T01:33:08.27Z,STA_ES2051A,SP_33066004_9_49,43.4015,-5.8028,ES.BDCA.AQD,ug.m-3,01/01/2016,01/01/2017,Valid,Verified,97.85974499,100,97.85974499,14.44369474
390,Spain,2016,2016-01-29T00:46:23.843Z,STA_ES1138A,SP_15030001_9_49,43.3678,-8.4189,ES.BDCA.AQD,ug.m-3,01/01/2016,01/01/2017,Valid,Verified,96.61885246,100,96.61885246,12.61388005
391,Spain,2016,2016-01-29T00:46:23.843Z,STA_ES1867A,SP_15036003_9_49,43.481501,-8.24316,ES.BDCA.AQD,ug.m-3,01/01/2016,01/01/2017,Valid,Verified,97.98497268,100,97.98497268,6.6948995
392,Spain,2016,2017-08-12T04:51:05.54Z,STA_ES0201A,SP_15070002_9_47,43.45,-7.8472,ES.BDCA.AQD,ug.m-3,01/01/2016,01/01/2017,Valid,Verified,90.67622951,100,90.67622951,6.16046452
393,Spain,2015,2016-01-19T00:32:32.617Z,STA_ES1632A,SP_47186029_9_49,41.62055555,-4.74666666,ES.BDCA.AQD,ug.m-3,01/01/2015,01/01/2016,Valid,Verified,93.41324201,100,93.41324201,10.02126359
394,Spain,2015,2016-12-16T08:05:15.97Z,STA_ES1952A,SP_35006001_9_49,28.111266,-15.520924,ES.BDCA.AQD,ug.m-3,01/01/2015,01/01/2016,Valid,Verified,95.82191781,100,95.82191781,9.70574219
395,Spain,2015,2016-12-16T08:05:15.97Z,STA_ES1811A,SP_28180001_9_49,40.16722778,-3.276569444,ES.BDCA.AQD,ug.m-3,01/01/2015,01/01/2016,Valid,Verified,99.33789954,100,99.33789954,13.11319236
396,Spain,2015,2016-11-11T01:51:29.787Z,STA_ES1856A,SP_08019054_9_M,41.4260772,2.147992032,ES.BDCA.AQD,ug.m-3,01/01/2015,01/01/2016,Valid,Verified,92.87671233,100,92.87671233,15.32153392
397,Spain,2015,2016-01-19T00:32:32.617Z,STA_ES1525A,SP_28079038_9_47,40.44527777,-3.70638888,ES.BDCA.AQD,ug.m-3,01/01/2015,01/01/2016,Valid,Verified,93.97260274,100,93.97260274,11.69982993
398,Spain,2015,2016-07-29T03:40:06.373Z,STA_ES1742A,SP_35019001_9_47,27.77259736,-15.54188043,ES.BDCA.AQD,ug.m-3,01/01/2015,01/01/2016,Valid,Verified,96.68949772,100,96.68949772,5.75714285
399,Spain,2015,2016-07-29T03:40:06.373Z,STA_ES2025A,SP_35017005_9_49,28.50616,-13.84898,ES.BDCA.AQD,ug.m-3,01/01/2015,01/01/2016,Valid,Verified,95.49086758,100,95.49086758,12.81972504
400,Spain,2015,2016-07-31T01:12:18.037Z,STA_ES1976A,SP_38038021_9_49,28.461788,-16.27662,ES.BDCA.AQD,ug.m-3,01/01/2015,01/01/2016,Valid,Verified,98.18493151,100,98.18493151,12.27089873
401,Spain,2015,2016-07-31T01:12:18.037Z,STA_ES1490A,SP_48027001_9_49,43.17222222,-2.63583333,ES.BDCA.AQD,ug.m-3,01/01/2015,01/01/2016,Valid,Verified,91.15296804,100,91.15296804,11.89693174
402,Spain,2015,2016-12-20T02:01:01.927Z,STA_ES2010A,SP_47186031_9_49,41.63,-4.74055555,ES.BDCA.AQD,ug.m-3,01/01/2015,01/01/2016,Valid,Verified,87.16894977,100,87.16894977,14.74594028
403,Spain,2015,2016-07-29T03:40:06.373Z,STA_ES2051A,SP_33066004_9_49,43.4015,-5.8028,ES.BDCA.AQD,ug.m-3,01/01/2015,01/01/2016,Valid,Verified,97.20319635,100,97.20319635,13.66670581
404,Spain,2015,2016-12-16T08:05:15.97Z,STA_ES1277A,SP_13071016_9_49,38.68065,-4.10832,ES.BDCA.AQD,ug.m-3,01/01/2015,01/01/2016,Valid,Verified,75.456621,100,75.456621,13.95231467
405,Spain,2015,2016-07-29T03:40:06.373Z,STA_ES1907A,SP_15005012_9_47,43.30222222,-8.50555555,ES.BDCA.AQD,ug.m-3,01/01/2015,01/01/2016,Valid,Verified,97.85388128,100,97.85388128,11.00784881
406,Spain,2015,2016-11-11T01:51:29.787Z,STA_ES1438A,SP_08019043_9_M,41.38534328,2.15382196,ES.BDCA.AQD,ug.m-3,01/01/2015,01/01/2016,Valid,Verified,94.24657534,100,94.24657534,18.49447674
407,Spain,2015,2016-11-11T01:51:29.787Z,STA_ES1443A,SP_09059006_9_M,42.33611,-3.63611,ES.BDCA.AQD,ug.m-3,01/01/2015,01/01/2016,Valid,Verified,83.28767123,100,83.28767123,8.64473684
408,Spain,2015,2017-08-12T04:51:05.54Z,STA_ES1175A,SP_27038004_9_49,42.71527777,-7.44944444,ES.BDCA.AQD,ug.m-3,01/01/2015,01/01/2016,Valid,Verified,93.75570776,100,93.75570776,10.90515037
409,Spain,2015,2016-07-29T03:40:06.373Z,STA_ES1691A,SP_12140002_9_46,39.93055555,-0.60333333,ES.BDCA.AQD,ug.m-3,01/01/2015,01/01/2016,Valid,Verified,95.57077626,100,95.57077626,8.07154801
410,Spain,2015,2016-11-11T01:51:29.787Z,STA_ES0013R,SP_49149999_9_M,41.23889,-5.8975,ES.BDCA.AQD,ug.m-3,01/01/2015,01/01/2016,Valid,Verified,89.8630137,100,89.8630137,5.7957317
411,Spain,2015,2016-11-11T01:51:29.787Z,STA_ES0014R,SP_25224999_9_M,41.39389,0.73472,ES.BDCA.AQD,ug.m-3,01/01/2015,01/01/2016,Valid,Verified,96.43835616,100,96.43835616,8.33522727
412,Spain,2015,2016-11-11T01:51:29.787Z,STA_ES1964A,SP_08211004_9_M,41.38663899,2.057392493,ES.BDCA.AQD,ug.m-3,01/01/2015,01/01/2016,Valid,Verified,84.38356164,100,84.38356164,11.83181818
413,Spain,2015,2016-11-11T01:51:29.787Z,STA_ES0012R,SP_46263999_9_M,39.08278,-1.10111,ES.BDCA.AQD,ug.m-3,01/01/2015,01/01/2016,Valid,Verified,97.53424658,100,97.53424658,5.96067415
414,Spain,2015,2016-12-16T08:05:15.97Z,STA_ES1193A,SP_28079024_9_47,40.42,-3.74916666,ES.BDCA.AQD,ug.m-3,01/01/2015,01/01/2016,Valid,Verified,98.76712329,100,98.76712329,9.97006472
415,Spain,2015,2016-12-16T08:05:15.97Z,STA_ES1181A,SP_46102002_9_46,39.48111111,-0.44722222,ES.BDCA.AQD,ug.m-3,01/01/2015,01/01/2016,Valid,Verified,92.043379,100,92.043379,10.36214808
416,Spain,2015,2016-01-19T00:32:32.617Z,STA_ES0365A,SP_34214001_9_46,42.70361,-4.82722,ES.BDCA.AQD,ug.m-3,01/01/2015,01/01/2016,Valid,Verified,99.23515982,100,99.23515982,6.26630622
417,Spain,2015,2016-12-16T08:05:15.97Z,STA_ES1685A,SP_12005005_9_49,40.05194444,-0.18972222,ES.BDCA.AQD,ug.m-3,01/01/2015,01/01/2016,Valid,Verified,88.05936073,100,88.05936073,8.08854031
418,Spain,2015,2016-12-16T08:05:15.97Z,STA_ES1838A,SP_28009001_9_49,40.59981944,-3.503286111,ES.BDCA.AQD,ug.m-3,01/01/2015,01/01/2016,Valid,Verified,99.04109589,100,99.04109589,6.54598893
476,Spain,2016,2016-01-20T02:25:38.267Z,STA_ES1886A,SP_46077006_9_46,39.42722222,-0.78388888,ES.BDCA.AQD,ug.m-3,01/01/2016,01/01/2017,Valid,Verified,93.90938069,100,93.90938069,5.4525397
477,Spain,2016,2017-08-07T07:45:40.333Z,STA_ES0886A,SP_35026001_9_47,28.029852,-15.416086,ES.BDCA.AQD,ug.m-3,01/01/2016,01/01/2017,Valid,Verified,91.66666667,100,91.66666667,5.10419771
478,Spain,2016,2017-08-12T05:21:09.743Z,STA_ES1417A,SP_22125001_9_M,42.13611,-0.40389,ES.BDCA.AQD,ug.m-3,01/01/2016,01/01/2017,Valid,Verified,81.42076503,100,81.42076503,8.74161073
479,Spain,2016,2017-08-12T05:21:09.743Z,STA_ES0008R,SP_33036999_9_M,43.43917,-4.85,ES.BDCA.AQD,ug.m-3,01/01/2016,01/01/2017,Valid,Verified,95.6284153,100,95.6284153,5.55142857
480,Spain,2016,2016-01-20T02:25:38.267Z,STA_ES1911A,SP_46010001_9_46,39.70527777,-0.33666666,ES.BDCA.AQD,ug.m-3,01/01/2016,01/01/2017,Valid,Verified,82.76411658,100,82.76411658,6.88418156
481,Spain,2016,2017-08-12T05:21:09.743Z,STA_ES1778A,SP_08137001_9_46,41.77934345,2.358018901,ES.BDCA.AQD,ug.m-3,01/01/2016,01/01/2017,Valid,Verified,90.71038251,100,90.71038251,9.46716867
482,Spain,2016,2017-08-12T04:51:05.54Z,STA_ES2025A,SP_35017005_9_49,28.50616,-13.84898,ES.BDCA.AQD,ug.m-3,01/01/2016,01/01/2017,Valid,Verified,95.90163934,100,95.90163934,10.09745963
483,Spain,2016,2016-01-29T00:46:23.843Z,STA_ES1096A,SP_32054004_9_49,42.3519,-7.8769,ES.BDCA.AQD,ug.m-3,01/01/2016,01/01/2017,Valid,Verified,97.51821494,100,97.51821494,8.43088956
484,Spain,2016,2017-08-12T04:51:05.54Z,STA_ES2004A,SP_35026004_9_47,28.026317,-15.414657,ES.BDCA.AQD,ug.m-3,01/01/2016,01/01/2017,Valid,Verified,93.67030965,100,93.67030965,6.57231404
485,Spain,2016,2017-08-12T05:21:09.743Z,STA_ES0013R,SP_49149999_9_M,41.23889,-5.8975,ES.BDCA.AQD,ug.m-3,01/01/2016,01/01/2017,Valid,Verified,90.71038251,100,90.71038251,4.12048192
486,Spain,2016,2016-01-20T02:25:38.267Z,STA_ES1685A,SP_12005005_9_49,40.05194444,-0.18972222,ES.BDCA.AQD,ug.m-3,01/01/2016,01/01/2017,Valid,Verified,93.75,100,93.75,5.25367334
487,Spain,2016,2017-08-12T05:21:09.743Z,STA_ES1641A,SP_50297036_9_M,41.63528,-0.89361,ES.BDCA.AQD,ug.m-3,01/01/2016,01/01/2017,Valid,Verified,91.80327869,100,91.80327869,11.23511904
488,Spain,2016,2016-01-20T02:25:38.267Z,STA_ES1535A,SP_02003001_9_49,38.97928,-1.85213,ES.BDCA.AQD,ug.m-3,01/01/2016,01/01/2017,Valid,Verified,91.14298725,100,91.14298725,9.61196602
489,Spain,2016,2017-08-12T04:51:05.54Z,STA_ES1761A,SP_38017002_9_46,28.080007,-16.559855,ES.BDCA.AQD,ug.m-3,01/01/2016,01/01/2017,Valid,Verified,97.30191257,100,97.30191257,9.16520416
490,Spain,2016,2017-08-12T05:21:09.743Z,STA_ES0014R,SP_25224999_9_M,41.39389,0.73472,ES.BDCA.AQD,ug.m-3,01/01/2016,01/01/2017,Valid,Verified,90.16393443,100,90.16393443,6.19393939
491,Spain,2016,2016-01-20T02:25:38.267Z,STA_ES1940A,SP_28079050_9_47,40.46583333,-3.68833333,ES.BDCA.AQD,ug.m-3,01/01/2016,01/01/2017,Valid,Verified,99.56739526,100,99.56739526,10.0222959
492,Spain,2016,2017-08-12T04:51:05.54Z,STA_ES1866A,SP_35017002_9_47,28.50276174,-13.85369942,ES.BDCA.AQD,ug.m-3,01/01/2016,01/01/2017,Valid,Verified,97.67759563,100,97.67759563,6.33741258
493,Spain,2016,2017-09-30T19:23:58.033Z,STA_ES0001R,SP_45153999_9_M,39.54694,-4.35056,ES.BDCA.AQD,ug.m-3,01/01/2016,01/01/2017,Valid,Verified,92.89617486,100,92.89617486,5.6
494,Spain,2016,2016-01-20T02:25:38.267Z,STA_ES1688A,SP_12032001_9_46,39.89222222,-0.065,ES.BDCA.AQD,ug.m-3,01/01/2016,01/01/2017,Valid,Verified,96.22040073,100,96.22040073,7.6082584
495,Spain,2016,2016-01-20T02:25:38.267Z,STA_ES1926A,SP_46250048_9_46,39.48111111,-0.40833333,ES.BDCA.AQD,ug.m-3,01/01/2016,01/01/2017,Valid,Verified,97.58652095,100,97.58652095,13.70251983
496,Spain,2016,2016-10-26T04:16:49.723Z,STA_ES1175A,SP_27038004_9_49,42.71527777,-7.44944444,ES.BDCA.AQD,ug.m-3,01/01/2016,01/01/2017,Valid,Verified,96.82377049,100,96.82377049,10.340388
497,Spain,2016,2017-08-12T05:21:09.743Z,STA_ES0559A,SP_08019028_9_M,41.38742396,2.164918317,ES.BDCA.AQD,ug.m-3,01/01/2016,01/01/2017,Valid,Verified,95.90163934,100,95.90163934,16.7099715
498,Spain,2016,2016-01-20T02:25:38.267Z,STA_ES2018A,SP_46028001_9_46,39.78222222,-0.35916666,ES.BDCA.AQD,ug.m-3,01/01/2016,01/01/2017,Valid,Verified,93.41985428,100,93.41985428,7.54850109
500,Spain,2017,2017-01-02T01:33:08.27Z,STA_ES1818A,SP_45168002_9_49,39.86806,-4.02083,ES.BDCA.AQD,ug.m-3,01/01/2017,01/01/2018,Valid,Verified,96.62100457,100,96.62100457,12.78532608
501,Spain,2017,2017-01-02T01:33:08.27Z,STA_ES1810A,SP_28171001_9_49,40.247937,-4.27515,ES.BDCA.AQD,ug.m-3,01/01/2017,01/01/2018,Valid,Verified,97.15753425,100,97.15753425,9.435084
502,Spain,2017,2017-01-04T01:49:16.423Z,STA_ES1631A,SP_47186027_9_49,41.64555555,-4.73027777,ES.BDCA.AQD,ug.m-3,01/01/2017,01/01/2018,Valid,Verified,90.10273973,100,90.10273973,13.06866844
503,Spain,2017,2017-01-02T01:33:08.27Z,STA_ES1277A,SP_13071016_9_49,38.68065,-4.10832,ES.BDCA.AQD,ug.m-3,01/01/2017,01/01/2018,Valid,Verified,96.91780822,100,96.91780822,13.92956419
504,Spain,2017,2018-01-13T05:01:59.413Z,STA_ES0110A,SP_48902006_9_49,43.30277777,-2.97722222,ES.BDCA.AQD,ug.m-3,01/01/2017,01/01/2018,Valid,Verified,94.15525114,100,94.15525114,10.68125606
505,Spain,2017,2018-01-20T04:48:27.113Z,STA_ES1907A,SP_15005012_9_47,43.30222222,-8.50555555,ES.BDCA.AQD,ug.m-3,01/01/2017,01/01/2018,Valid,Verified,91.52968037,100,91.52968037,10.1808431
506,Spain,2017,2017-03-09T02:07:05.8Z,STA_ES2069A,SP_33024032_9_49,43.5229,-5.6895,ES.BDCA.AQD,ug.m-3,01/01/2017,01/01/2018,Valid,Verified,99.6803653,100,99.6803653,11.3892579
507,Spain,2017,2018-01-13T05:01:59.413Z,STA_ES1713A,SP_48020003_9_49,43.255,-2.90222222,ES.BDCA.AQD,ug.m-3,01/01/2017,01/01/2018,Valid,Verified,96.94063927,100,96.94063927,10.15920866
508,Spain,2017,2018-09-01T10:31:54.34Z,STA_ES1131A,SP_38038010_9_49,28.462173,-16.261895,ES.BDCA.AQD,ug.m-3,01/01/2017,01/01/2018,Valid,Verified,93.57305936,100,93.57305936,7.80053678
509,Spain,2017,2018-09-01T10:31:54.34Z,STA_ES2080A,SP_35024002_9_49,28.98287,-13.51403,ES.BDCA.AQD,ug.m-3,01/01/2017,01/01/2018,Valid,Verified,96.74657534,100,96.74657534,3.96554572
510,Spain,2017,2018-09-01T10:31:54.34Z,STA_ES2053A,SP_38036002_9_49,28.09012,-17.1181,ES.BDCA.AQD,ug.m-3,01/01/2017,01/01/2018,Valid,Verified,95.59360731,100,95.59360731,7.81633627
511,Spain,2017,2018-09-08T03:50:58.41Z,STA_ES2070A,SP_44051005_9_M,40.94667,-0.29083,ES.BDCA.AQD,ug.m-3,01/01/2017,01/01/2018,Valid,Verified,82.73972603,100,82.73972603,5.25496688
512,Spain,2017,2018-09-08T03:50:58.41Z,STA_ES1778A,SP_08137001_9_46,41.77934345,2.358018901,ES.BDCA.AQD,ug.m-3,01/01/2017,01/01/2018,Valid,Verified,95.61643836,100,95.61643836,9.82492836
513,Spain,2017,2018-09-08T03:50:58.41Z,STA_ES1480A,SP_08019044_9_M,41.39874325,2.153385124,ES.BDCA.AQD,ug.m-3,01/01/2017,01/01/2018,Valid,Verified,95.61643836,100,95.61643836,16.23524355
514,Spain,2017,2018-09-08T03:50:58.41Z,STA_ES0009R,SP_19061999_9_M,41.27417,-3.1425,ES.BDCA.AQD,ug.m-3,01/01/2017,01/01/2018,Valid,Verified,93.69863014,100,93.69863014,3.76608187
515,Spain,2017,2017-01-02T01:33:08.27Z,STA_ES1938A,SP_28079048_9_47,40.43972222,-3.69027777,ES.BDCA.AQD,ug.m-3,01/01/2017,01/01/2018,Valid,Verified,99.05251142,100,99.05251142,8.78091506
516,Spain,2017,2017-01-02T01:33:08.27Z,STA_ES1525A,SP_28079038_9_47,40.44527777,-3.70638888,ES.BDCA.AQD,ug.m-3,01/01/2017,01/01/2018,Valid,Verified,99.62328767,100,99.62328767,9.57373667
517,Spain,2017,2018-09-01T10:31:54.34Z,STA_ES2038A,SP_38038027_9_49,28.459314,-16.270206,ES.BDCA.AQD,ug.m-3,01/01/2017,01/01/2018,Valid,Verified,98.39041096,100,98.39041096,14.48091425
518,Spain,2017,2018-09-01T10:31:54.34Z,STA_ES1779A,SP_26019001_9_49,42.44,-2.239,ES.BDCA.AQD,ug.m-3,01/01/2017,01/01/2018,Valid,Verified,99.20091324,100,99.20091324,8.00406214
519,Spain,2017,2018-09-01T10:31:54.34Z,STA_ES2022A,SP_38011007_9_49,28.38016,-16.36833,ES.BDCA.AQD,ug.m-3,01/01/2017,01/01/2018,Valid,Verified,94.6803653,100,94.6803653,10.53375934
520,Spain,2017,2017-01-02T01:33:08.27Z,STA_ES1877A,SP_12009007_9_46,39.94527777,-0.05638888,ES.BDCA.AQD,ug.m-3,01/01/2017,01/01/2018,Valid,Verified,93.19634703,100,93.19634703,7.3933121
521,Spain,2017,2017-01-12T02:27:59.127Z,STA_ES1952A,SP_35006001_9_49,28.111266,-15.520924,ES.BDCA.AQD,ug.m-3,01/01/2017,01/01/2018,Valid,Verified,95.30821918,100,95.30821918,11.39992813
586,Spain,2015,2016-01-20T02:25:38.267Z,STA_ES2037A,SP_12138002_9_46,40.38333,0.70917,ES.BDCA.AQD,ug.m-3,01/01/2015,01/01/2016,Valid,Verified,96.27853881,100,96.27853881,10.85392459
587,Spain,2015,2016-07-29T03:40:06.373Z,STA_ES1798A,SP_15030021_9_47,43.3542,-8.4247,ES.BDCA.AQD,ug.m-3,01/01/2015,01/01/2016,Valid,Verified,99.20091324,100,99.20091324,12.19052934
588,Spain,2015,2016-07-29T03:40:06.373Z,STA_ES1868A,SP_15078007_9_49,42.8758,-8.5592,ES.BDCA.AQD,ug.m-3,01/01/2015,01/01/2016,Valid,Verified,95.49086758,100,95.49086758,7.30161386
589,Spain,2015,2016-12-16T08:05:15.97Z,STA_ES1809A,SP_28161001_9_49,40.185241,-3.680265,ES.BDCA.AQD,ug.m-3,01/01/2015,01/01/2016,Valid,Verified,97.96803653,100,97.96803653,12.14087625
590,Spain,2015,2016-12-16T08:05:15.97Z,STA_ES1911A,SP_46010001_9_46,39.70527777,-0.33666666,ES.BDCA.AQD,ug.m-3,01/01/2015,01/01/2016,Valid,Verified,98.81278539,100,98.81278539,7.10247227
591,Spain,2015,2017-08-07T07:45:40.333Z,STA_ES2039A,SP_15055003_9_49,43.5198,-8.1502,ES.BDCA.AQD,ug.m-3,01/01/2015,01/01/2016,Valid,Verified,92.56849315,100,92.56849315,11.99307436
592,Spain,2015,2016-11-11T01:51:29.787Z,STA_ES0567A,SP_08019045_9_M,41.38490638,2.119573944,ES.BDCA.AQD,ug.m-3,01/01/2015,01/01/2016,Valid,Verified,98.63013699,100,98.63013699,15.06083333
593,Spain,2015,2016-12-16T08:05:15.97Z,STA_ES1272A,SP_33024025_9_49,43.5299,-5.6735,ES.BDCA.AQD,ug.m-3,01/01/2015,01/01/2016,Valid,Verified,96.86073059,100,96.86073059,12.66163818
594,Spain,2015,2016-07-29T03:40:06.373Z,STA_ES1866A,SP_35017002_9_47,28.50276174,-13.85369942,ES.BDCA.AQD,ug.m-3,01/01/2015,01/01/2016,Valid,Verified,98.04794521,100,98.04794521,6.98474793
595,Spain,2015,2016-11-11T01:51:29.787Z,STA_ES0008R,SP_33036999_9_M,43.43917,-4.85,ES.BDCA.AQD,ug.m-3,01/01/2015,01/01/2016,Valid,Verified,95.89041096,100,95.89041096,7.05142857
596,Spain,2015,2016-01-20T02:25:38.267Z,STA_ES1968A,SP_03014009_9_46,38.35111111,-0.51388888,ES.BDCA.AQD,ug.m-3,01/01/2015,01/01/2016,Valid,Verified,90.23972603,100,90.23972603,5.1887413
597,Spain,2015,2016-12-16T08:05:15.97Z,STA_ES2003A,SP_38038024_9_49,28.455375,-16.27675,ES.BDCA.AQD,ug.m-3,01/01/2015,01/01/2016,Valid,Verified,97.4086758,100,97.4086758,11.56381108
598,Spain,2015,2016-12-16T08:05:15.97Z,STA_ES1937A,SP_28079047_9_47,40.39805555,-3.68666666,ES.BDCA.AQD,ug.m-3,01/01/2015,01/01/2016,Valid,Verified,95.73059361,100,95.73059361,11.91700453
599,Spain,2015,2016-12-16T08:05:15.97Z,STA_ES2018A,SP_46028001_9_46,39.78222222,-0.35916666,ES.BDCA.AQD,ug.m-3,01/01/2015,01/01/2016,Valid,Verified,93.51598174,100,93.51598174,9.17712402
600,Spain,2015,2016-01-19T00:32:32.617Z,STA_ES1746A,SP_26066001_9_47,42.341,-2.232,ES.BDCA.AQD,ug.m-3,01/01/2015,01/01/2016,Valid,Verified,99.32648402,100,99.32648402,8.89955177
601,Spain,2015,2016-07-31T01:12:18.037Z,STA_ES2038A,SP_38038027_9_49,28.459314,-16.270206,ES.BDCA.AQD,ug.m-3,01/01/2015,01/01/2016,Valid,Verified,96.51826484,100,96.51826484,12.156712
602,Spain,2015,2016-01-19T00:32:32.617Z,STA_ES0825A,SP_33031030_9_49,43.3067,-5.6897,ES.BDCA.AQD,ug.m-3,01/01/2015,01/01/2016,Valid,Verified,96.39269406,100,96.39269406,19.6363098
603,Spain,2015,2016-12-16T08:05:15.97Z,STA_ES1886A,SP_46077006_9_46,39.42722222,-0.78388888,ES.BDCA.AQD,ug.m-3,01/01/2015,01/01/2016,Valid,Verified,89.78310502,100,89.78310502,6.04767959
604,Spain,2015,2016-11-11T01:51:29.787Z,STA_ES1480A,SP_08019044_9_M,41.39874325,2.153385124,ES.BDCA.AQD,ug.m-3,01/01/2015,01/01/2016,Valid,Verified,94.79452055,100,94.79452055,15.88294797
605,Spain,2015,2016-07-31T01:12:18.037Z,STA_ES1764A,SP_38011005_9_47,28.380537,-16.371986,ES.BDCA.AQD,ug.m-3,01/01/2015,01/01/2016,Valid,Verified,97.6369863,100,97.6369863,5.13924938
606,Spain,2015,2016-12-16T08:05:15.97Z,STA_ES1885A,SP_46250046_9_46,39.48027777,-0.33638888,ES.BDCA.AQD,ug.m-3,01/01/2015,01/01/2016,Valid,Verified,98.27625571,100,98.27625571,12.09908235
607,Spain,2015,2016-12-16T08:05:15.97Z,STA_ES1810A,SP_28171001_9_49,40.247937,-4.27515,ES.BDCA.AQD,ug.m-3,01/01/2015,01/01/2016,Valid,Verified,98.26484018,100,98.26484018,11.74070631
608,Spain,2015,2017-08-12T04:51:05.54Z,STA_ES1988A,SP_24089010_9_49,42.57527777,-5.56638888,ES.BDCA.AQD,ug.m-3,01/01/2015,01/01/2016,Valid,Verified,96.79223744,100,96.79223744,8.21500176
609,Spain,2015,2016-07-29T03:40:06.373Z,STA_ES1763A,SP_35019004_9_47,27.801278,-15.461157,ES.BDCA.AQD,ug.m-3,01/01/2015,01/01/2016,Valid,Verified,97.20319635,100,97.20319635,7.32988843
610,Spain,2015,2016-11-11T01:51:29.787Z,STA_ES0007R,SP_18189999_9_M,37.23722,-3.53417,ES.BDCA.AQD,ug.m-3,01/01/2015,01/01/2016,Valid,Verified,92.32876712,100,92.32876712,10.34421364
611,Spain,2015,2016-11-11T01:51:29.787Z,STA_ES0011R,SP_06016999_9_M,38.47278,-6.92361,ES.BDCA.AQD,ug.m-3,01/01/2015,01/01/2016,Valid,Verified,94.79452055,100,94.79452055,8.45664739
612,Spain,2015,2016-12-16T08:05:15.97Z,STA_ES1955A,SP_35004002_9_49,28.96787,-13.555856,ES.BDCA.AQD,ug.m-3,01/01/2015,01/01/2016,Valid,Verified,92.60273973,100,92.60273973,5.29142011
613,Spain,2015,2016-07-29T03:40:06.373Z,STA_ES1673A,SP_01059012_9_49,42.84361111,-2.66138888,ES.BDCA.AQD,ug.m-3,01/01/2015,01/01/2016,Valid,Verified,77.52283105,100,77.52283105,7.83640111
614,Spain,2015,2016-07-29T03:40:06.373Z,STA_ES1440A,SP_36057021_9_47,42.2103,-8.7369,ES.BDCA.AQD,ug.m-3,01/01/2015,01/01/2016,Valid,Verified,93.25342466,100,93.25342466,14.87299547
615,Spain,2015,2016-01-20T02:25:38.267Z,STA_ES1671A,SP_46258001_9_46,39.70805555,-0.83194444,ES.BDCA.AQD,ug.m-3,01/01/2015,01/01/2016,Valid,Verified,97.29452055,100,97.29452055,10.75935703
616,Spain,2015,2016-07-31T01:12:18.037Z,STA_ES1980A,SP_38037001_9_47,28.685983,-17.764587,ES.BDCA.AQD,ug.m-3,01/01/2015,01/01/2016,Valid,Verified,95.25114155,100,95.25114155,5.78032118
617,Spain,2015,2016-12-16T08:05:15.97Z,STA_ES1472A,SP_31201012_9_49,42.80722,-1.65139,ES.BDCA.AQD,ug.m-3,01/01/2015,01/01/2016,Valid,Verified,84.9543379,100,84.9543379,11.22765385
618,Spain,2015,2016-12-16T08:05:15.97Z,STA_ES1803A,SP_28047002_9_49,40.633089,-4.01425,ES.BDCA.AQD,ug.m-3,01/01/2015,01/01/2016,Valid,Verified,98.89269406,100,98.89269406,13.19415906
619,Spain,2015,2016-07-29T03:40:06.373Z,STA_ES1977A,SP_35022002_9_47,27.89833,-15.48833,ES.BDCA.AQD,ug.m-3,01/01/2015,01/01/2016,Valid,Verified,96.36986301,100,96.36986301,9.36128879
620,Spain,2015,2016-07-29T03:40:06.373Z,STA_ES0886A,SP_35026001_9_47,28.029852,-15.416086,ES.BDCA.AQD,ug.m-3,01/01/2015,01/01/2016,Valid,Verified,83.42465753,100,83.42465753,3.96209633
621,Spain,2015,2016-07-29T03:40:06.373Z,STA_ES1741A,SP_35019002_9_47,27.763652,-15.563851,ES.BDCA.AQD,ug.m-3,01/01/2015,01/01/2016,Valid,Verified,97.3630137,100,97.3630137,12.01629733
622,Spain,2015,2016-07-29T03:40:06.373Z,STA_ES1744A,SP_35002002_9_47,27.86907,-15.38715,ES.BDCA.AQD,ug.m-3,01/01/2015,01/01/2016,Valid,Verified,97.21461187,100,97.21461187,8.55659934
623,Spain,2015,2016-11-11T01:51:29.787Z,STA_ES0010R,SP_17032999_9_M,42.31917,3.31583,ES.BDCA.AQD,ug.m-3,01/01/2015,01/01/2016,Valid,Verified,89.5890411,100,89.5890411,8.48623853
624,Spain,2017,2017-01-02T01:33:08.27Z,STA_ES1685A,SP_12005005_9_49,40.05194444,-0.18972222,ES.BDCA.AQD,ug.m-3,01/01/2017,01/01/2018,Valid,Verified,85.38812785,100,85.38812785,7.44959893
625,Spain,2017,2017-01-02T01:33:08.27Z,STA_ES1543A,SP_12141002_9_46,40.735,-0.16944444,ES.BDCA.AQD,ug.m-3,01/01/2017,01/01/2018,Valid,Verified,97.53424658,100,97.53424658,6.88050093
626,Spain,2017,2017-01-02T01:33:08.27Z,STA_ES1443A,SP_09059006_9_49,42.33611,-3.63611,ES.BDCA.AQD,ug.m-3,01/01/2017,01/01/2018,Valid,Verified,92.55707763,100,92.55707763,5.39010853
627,Spain,2017,2017-01-02T01:33:08.27Z,STA_ES1688A,SP_12032001_9_46,39.89222222,-0.065,ES.BDCA.AQD,ug.m-3,01/01/2017,01/01/2018,Valid,Verified,98.77853881,100,98.77853881,6.16075349
628,Spain,2017,2017-01-02T01:33:08.27Z,STA_ES1811A,SP_28180001_9_49,40.16722778,-3.276569444,ES.BDCA.AQD,ug.m-3,01/01/2017,01/01/2018,Valid,Verified,98.60730594,100,98.60730594,11.45126186
629,Spain,2017,2017-01-04T01:49:16.423Z,STA_ES1636A,SP_47186030_9_49,41.65611111,-4.73388888,ES.BDCA.AQD,ug.m-3,01/01/2017,01/01/2018,Valid,Verified,94.21232877,100,94.21232877,9.32194353
630,Spain,2017,2018-09-08T03:50:58.41Z,STA_ES1856A,SP_08019054_9_M,41.4260772,2.147992032,ES.BDCA.AQD,ug.m-3,01/01/2017,01/01/2018,Valid,Verified,96.43835616,100,96.43835616,12.10539772
631,Spain,2017,2018-01-13T05:01:59.413Z,STA_ES1494A,SP_20069002_9_49,43.32277777,-1.96027777,ES.BDCA.AQD,ug.m-3,01/01/2017,01/01/2018,Valid,Verified,96.35844749,100,96.35844749,8.26063262
632,Spain,2017,2018-01-13T05:01:59.413Z,STA_ES1691A,SP_12140002_9_46,39.93055555,-0.60333333,ES.BDCA.AQD,ug.m-3,01/01/2017,01/01/2018,Valid,Verified,96.95205479,100,96.95205479,7.34487224
633,Spain,2017,2017-01-02T01:33:08.27Z,STA_ES1867A,SP_15036003_9_49,43.481501,-8.24316,ES.BDCA.AQD,ug.m-3,01/01/2017,01/01/2018,Valid,Verified,96.17579909,100,96.17579909,8.70183264
634,Spain,2017,2017-01-02T01:33:08.27Z,STA_ES1572A,SP_33044032_9_49,43.3727,-5.8728,ES.BDCA.AQD,ug.m-3,01/01/2017,01/01/2018,Valid,Verified,98.75570776,100,98.75570776,11.8021038
635,Spain,2017,2017-12-30T04:27:53.523Z,STA_ES1440A,SP_36057021_9_47,42.2103,-8.7369,ES.BDCA.AQD,ug.m-3,01/01/2017,01/01/2018,Valid,Verified,96.01598174,100,96.01598174,15.0543336
636,Spain,2017,2018-09-01T10:31:54.34Z,STA_ES0873A,SP_35016010_9_47,28.03512,-15.41631,ES.BDCA.AQD,ug.m-3,01/01/2017,01/01/2018,Valid,Verified,93.39041096,100,93.39041096,8.06160616
637,Spain,2017,2018-09-01T10:31:54.34Z,STA_ES2004A,SP_35026004_9_47,28.026317,-15.414657,ES.BDCA.AQD,ug.m-3,01/01/2017,01/01/2018,Valid,Verified,90.01141553,100,90.01141553,7.38249841
638,Spain,2017,2018-09-08T03:50:58.41Z,STA_ES0013R,SP_49149999_9_M,41.23889,-5.8975,ES.BDCA.AQD,ug.m-3,01/01/2017,01/01/2018,Valid,Verified,89.31506849,100,89.31506849,5.08895705
639,Spain,2017,2017-01-04T01:49:16.423Z,STA_ES2010A,SP_47186031_9_49,41.63,-4.74055555,ES.BDCA.AQD,ug.m-3,01/01/2017,01/01/2018,Valid,Verified,77.79680365,100,77.79680365,15.01511371
640,Spain,2017,2017-01-12T02:27:59.127Z,STA_ES1920A,SP_38004001_9_49,28.33722,-16.39972,ES.BDCA.AQD,ug.m-3,01/01/2017,01/01/2018,Valid,Verified,94.17808219,100,94.17808219,10.96751515
641,Spain,2017,2017-01-02T01:33:08.27Z,STA_ES1272A,SP_33024025_9_49,43.5299,-5.6735,ES.BDCA.AQD,ug.m-3,01/01/2017,01/01/2018,Valid,Verified,98.53881279,100,98.53881279,10.6826923
642,Spain,2017,2017-01-02T01:33:08.27Z,STA_ES1911A,SP_46010001_9_46,39.70527777,-0.33666666,ES.BDCA.AQD,ug.m-3,01/01/2017,01/01/2018,Valid,Verified,97.16894977,100,97.16894977,4.95547462
643,Spain,2017,2017-01-12T02:27:59.127Z,STA_ES1919A,SP_35026003_9_49,28.003645,-15.411851,ES.BDCA.AQD,ug.m-3,01/01/2017,01/01/2018,Valid,Verified,94.48630137,100,94.48630137,9.52204905
644,Spain,2017,2018-09-08T03:50:58.41Z,STA_ES1915A,SP_03014008_9_M,38.34027777,-0.50666666,ES.BDCA.AQD,ug.m-3,01/01/2017,01/01/2018,Valid,Verified,87.67123288,100,87.67123288,11.559375
645,Spain,2017,2018-09-01T10:31:54.34Z,STA_ES2000A,SP_38038023_9_49,28.457954,-16.26333,ES.BDCA.AQD,ug.m-3,01/01/2017,01/01/2018,Valid,Verified,94.21232877,100,94.21232877,9.26838725
646,Spain,2017,2018-09-01T10:31:54.34Z,STA_ES1761A,SP_38017002_9_46,28.080007,-16.559855,ES.BDCA.AQD,ug.m-3,01/01/2017,01/01/2018,Valid,Verified,96.73515982,100,96.73515982,10.56160018
647,Spain,2017,2018-09-01T10:31:54.34Z,STA_ES2020A,SP_38038025_9_46,28.45666,-16.271836,ES.BDCA.AQD,ug.m-3,01/01/2017,01/01/2018,Valid,Verified,96.21004566,100,96.21004566,5.65341718
648,Spain,2017,2018-09-01T10:31:54.34Z,STA_ES2021A,SP_38038026_9_46,28.46301,-16.26488,ES.BDCA.AQD,ug.m-3,01/01/2017,01/01/2018,Valid,Verified,97.07762557,100,97.07762557,3.4771872
649,Spain,2017,2018-09-01T10:31:54.34Z,STA_ES1864A,SP_35024001_9_A,28.99031,-13.51655,ES.BDCA.AQD,ug.m-3,01/01/2017,01/01/2018,Valid,Verified,95.99315068,100,95.99315068,7.56582233
650,Spain,2017,2018-09-01T10:31:54.34Z,STA_ES1980A,SP_38037001_9_47,28.685983,-17.764587,ES.BDCA.AQD,ug.m-3,01/01/2017,01/01/2018,Valid,Verified,91.43835616,100,91.43835616,6.65106117
651,Spain,2017,2018-09-01T10:31:54.34Z,STA_ES1976A,SP_38038021_9_49,28.461788,-16.27662,ES.BDCA.AQD,ug.m-3,01/01/2017,01/01/2018,Valid,Verified,91.46118721,100,91.46118721,11.83749375
652,Spain,2017,2018-09-01T10:31:54.34Z,STA_ES1760A,SP_38017003_9_46,28.112486,-16.577577,ES.BDCA.AQD,ug.m-3,01/01/2017,01/01/2018,Valid,Verified,96.44977169,100,96.44977169,9.91845188
653,Spain,2017,2018-09-01T10:31:54.34Z,STA_ES1573A,SP_35016012_9_49,28.133732,-15.432823,ES.BDCA.AQD,ug.m-3,01/01/2017,01/01/2018,Valid,Verified,86.75799087,100,86.75799087,13.65723684
654,Spain,2017,2018-09-01T10:31:54.34Z,STA_ES1865A,SP_35017001_9_47,28.500255,-13.852395,ES.BDCA.AQD,ug.m-3,01/01/2017,01/01/2018,Valid,Verified,85.76484018,100,85.76484018,6.42952216
655,Spain,2017,2018-09-01T10:31:54.34Z,STA_ES1753A,SP_26117001_9_49,42.34,-2.059,ES.BDCA.AQD,ug.m-3,01/01/2017,01/01/2018,Valid,Verified,98.43607306,100,98.43607306,6.24211991
656,Spain,2017,2018-09-01T10:31:54.34Z,STA_ES2039A,SP_15055003_9_49,43.5198,-8.1502,ES.BDCA.AQD,ug.m-3,01/01/2017,01/01/2018,Valid,Verified,97.55707763,100,97.55707763,13.30647554
659,Spain,2016,2017-08-12T04:51:05.54Z,STA_ES1977A,SP_35022002_9_47,27.89833,-15.48833,ES.BDCA.AQD,ug.m-3,01/01/2016,01/01/2017,Valid,Verified,99.3510929,100,99.3510929,7.46442076
660,Spain,2016,2016-01-20T02:25:38.267Z,STA_ES1884A,SP_46220010_9_46,39.63416666,-0.26583333,ES.BDCA.AQD,ug.m-3,01/01/2016,01/01/2017,Valid,Verified,99.41939891,100,99.41939891,6.65063552
661,Spain,2016,2017-08-07T07:45:40.333Z,STA_ES2021A,SP_38038026_9_46,28.46301,-16.26488,ES.BDCA.AQD,ug.m-3,01/01/2016,01/01/2017,Valid,Verified,76.61657559,100,76.61657559,3.76552748
662,Spain,2016,2016-10-26T04:16:49.723Z,STA_ES0094A,SP_15070006_9_47,43.4056,-7.9889,ES.BDCA.AQD,ug.m-3,01/01/2016,01/01/2017,Valid,Verified,93.53369763,100,93.53369763,7.62123904
663,Spain,2016,2016-03-05T01:16:27.89Z,STA_ES1632A,SP_47186029_9_49,41.62055555,-4.74666666,ES.BDCA.AQD,ug.m-3,01/01/2016,01/01/2017,Valid,Verified,83.44717668,100,83.44717668,8.54106412
664,Spain,2016,2017-08-12T05:21:09.743Z,STA_ES0010R,SP_17032999_9_M,42.31917,3.31583,ES.BDCA.AQD,ug.m-3,01/01/2016,01/01/2017,Valid,Verified,87.15846995,100,87.15846995,6.17241379
665,Spain,2016,2017-08-12T04:51:05.54Z,STA_ES1691A,SP_12140002_9_46,39.93055555,-0.60333333,ES.BDCA.AQD,ug.m-3,01/01/2016,01/01/2017,Valid,Verified,98.78187614,100,98.78187614,7.75694364
666,Spain,2016,2016-01-20T02:25:38.267Z,STA_ES2003A,SP_38038024_9_49,28.455375,-16.27675,ES.BDCA.AQD,ug.m-3,01/01/2016,01/01/2017,Valid,Verified,84.15300546,100,84.15300546,8.91571969
667,Spain,2016,2017-08-12T05:21:09.743Z,STA_ES1915A,SP_03014008_9_M,38.34027777,-0.50666666,ES.BDCA.AQD,ug.m-3,01/01/2016,01/01/2017,Valid,Verified,82.5136612,100,82.5136612,12.51324503
668,Spain,2016,2016-10-26T04:16:49.723Z,STA_ES1798A,SP_15030021_9_47,43.3542,-8.4247,ES.BDCA.AQD,ug.m-3,01/01/2016,01/01/2017,Valid,Verified,98.59972678,100,98.59972678,11.97225493
669,Spain,2016,2016-01-29T00:46:23.843Z,STA_ES1868A,SP_15078007_9_49,42.8758,-8.5592,ES.BDCA.AQD,ug.m-3,01/01/2016,01/01/2017,Valid,Verified,96.14071038,100,96.14071038,8.59988158
670,Spain,2016,2016-01-29T00:46:23.843Z,STA_ES2061A,SP_36038010_9_49,42.425932,-8.643995,ES.BDCA.AQD,ug.m-3,01/01/2016,01/01/2017,Valid,Verified,97.56375228,100,97.56375228,10.09136522
671,Spain,2016,2016-01-29T00:46:23.843Z,STA_ES1137A,SP_36057019_9_49,42.2192,-8.7419,ES.BDCA.AQD,ug.m-3,01/01/2016,01/01/2017,Valid,Verified,97.91666667,100,97.91666667,9.5723753
672,Spain,2016,2017-08-07T07:45:40.333Z,STA_ES1573A,SP_35016012_9_49,28.133732,-15.432823,ES.BDCA.AQD,ug.m-3,01/01/2016,01/01/2017,Valid,Verified,98.47449909,100,98.47449909,12.62473988
673,Spain,2016,2017-08-12T04:51:05.54Z,STA_ES2022A,SP_38011007_9_49,28.38016,-16.36833,ES.BDCA.AQD,ug.m-3,01/01/2016,01/01/2017,Valid,Verified,95.94717668,100,95.94717668,8.68379212
674,Spain,2016,2016-01-20T02:25:38.267Z,STA_ES1615A,SP_10037001_9_46,39.47278,-6.36028,ES.BDCA.AQD,ug.m-3,01/01/2016,01/01/2017,Valid,Verified,97.14253188,100,97.14253188,5.66836634
675,Spain,2016,2017-08-12T04:51:05.54Z,STA_ES1865A,SP_35017001_9_47,28.500255,-13.852395,ES.BDCA.AQD,ug.m-3,01/01/2016,01/01/2017,Valid,Verified,97.82559199,100,97.82559199,5.70196671
676,Spain,2016,2017-08-12T05:21:09.743Z,STA_ES1443A,SP_09059006_9_M,42.33611,-3.63611,ES.BDCA.AQD,ug.m-3,01/01/2016,01/01/2017,Valid,Verified,89.07103825,100,89.07103825,8.6595092
677,Spain,2016,2016-01-20T02:25:38.267Z,STA_ES1802A,SP_28016001_9_49,40.90901944,-3.467902778,ES.BDCA.AQD,ug.m-3,01/01/2016,01/01/2017,Valid,Verified,98.08743169,100,98.08743169,7.73340297
678,Spain,2016,2017-08-12T05:21:09.743Z,STA_ES1916A,SP_12040016_9_M,39.99583333,-0.065,ES.BDCA.AQD,ug.m-3,01/01/2016,01/01/2017,Valid,Verified,80.32786885,100,80.32786885,12.74489795
679,Spain,2016,2017-08-12T05:21:09.743Z,STA_ES0012R,SP_46263999_9_M,39.08278,-1.10111,ES.BDCA.AQD,ug.m-3,01/01/2016,01/01/2017,Valid,Verified,97.54098361,100,97.54098361,5.30532212
680,Spain,2016,2016-01-20T02:25:38.267Z,STA_ES1938A,SP_28079048_9_47,40.43972222,-3.69027777,ES.BDCA.AQD,ug.m-3,01/01/2016,01/01/2017,Valid,Verified,99.02094718,100,99.02094718,10.07059094
681,Spain,2016,2017-08-12T04:51:05.54Z,STA_ES1489A,SP_01055001_9_49,42.87527777,-3.23138888,ES.BDCA.AQD,ug.m-3,01/01/2016,01/01/2017,Valid,Verified,85.21174863,100,85.21174863,5.15991983
682,Spain,2016,2016-01-20T02:25:38.267Z,STA_ES1952A,SP_35006001_9_49,28.111266,-15.520924,ES.BDCA.AQD,ug.m-3,01/01/2016,01/01/2017,Valid,Verified,90.33469945,100,90.33469945,7.53396345
683,Spain,2016,2016-01-20T02:25:38.267Z,STA_ES1193A,SP_28079024_9_47,40.42,-3.74916666,ES.BDCA.AQD,ug.m-3,01/01/2016,01/01/2017,Valid,Verified,97.84836066,100,97.84836066,9.10285049
684,Spain,2016,2017-08-12T05:21:09.743Z,STA_ES0011R,SP_06016999_9_M,38.47278,-6.92361,ES.BDCA.AQD,ug.m-3,01/01/2016,01/01/2017,Valid,Verified,91.2568306,100,91.2568306,6.52994011
685,Spain,2016,2016-01-20T02:25:38.267Z,STA_ES1272A,SP_33024025_9_49,43.5299,-5.6735,ES.BDCA.AQD,ug.m-3,01/01/2016,01/01/2017,Valid,Verified,95.78779599,100,95.78779599,10.39458046
686,Spain,2016,2016-01-20T02:25:38.267Z,STA_ES1914A,SP_03066003_9_46,38.45472222,-0.80333333,ES.BDCA.AQD,ug.m-3,01/01/2016,01/01/2017,Valid,Verified,96.65300546,100,96.65300546,6.79316843
687,Spain,2016,2016-01-20T02:25:38.267Z,STA_ES1838A,SP_28009001_9_49,40.59981944,-3.503286111,ES.BDCA.AQD,ug.m-3,01/01/2016,01/01/2017,Valid,Verified,99.30555556,100,99.30555556,7.87401123
688,Spain,2016,2017-08-12T04:51:05.54Z,STA_ES0360A,SP_24070001_9_47,42.78138888,-6.60388888,ES.BDCA.AQD,ug.m-3,01/01/2016,01/01/2017,Valid,Verified,94.46721311,100,94.46721311,7.22668112
689,Spain,2016,2016-01-20T02:25:38.267Z,STA_ES1752A,SP_28148004_9_49,40.449541,-3.477645,ES.BDCA.AQD,ug.m-3,01/01/2016,01/01/2017,Valid,Verified,97.13114754,100,97.13114754,10.83649789
690,Spain,2016,2017-08-07T07:45:40.333Z,STA_ES1742A,SP_35019001_9_47,27.77259736,-15.54188043,ES.BDCA.AQD,ug.m-3,01/01/2016,01/01/2017,Valid,Verified,99.16894353,100,99.16894353,7.34772127
691,Spain,2016,2017-08-12T05:21:09.743Z,STA_ES0006R,SP_07032999_9_M,39.87528,4.31639,ES.BDCA.AQD,ug.m-3,01/01/2016,01/01/2017,Valid,Verified,87.43169399,100,87.43169399,5.659375
692,Spain,2016,2016-01-20T02:25:38.267Z,STA_ES1811A,SP_28180001_9_49,40.16722778,-3.276569444,ES.BDCA.AQD,ug.m-3,01/01/2016,01/01/2017,Valid,Verified,98.82741348,100,98.82741348,9.19191337
693,Spain,2016,2017-08-12T05:21:09.743Z,STA_ES0691A,SP_08019004_9_M,41.40388185,2.204522594,ES.BDCA.AQD,ug.m-3,01/01/2016,01/01/2017,Valid,Verified,94.80874317,100,94.80874317,15.62968299
694,Spain,2016,2017-08-12T05:21:09.743Z,STA_ES0567A,SP_08019045_9_M,41.38490638,2.119573944,ES.BDCA.AQD,ug.m-3,01/01/2016,01/01/2017,Valid,Verified,97.26775956,100,97.26775956,11.93146067
